"Mod name","Registry name","Entity class name","ID"
"Actually Additions","actuallyadditions:worm","EntityWorm",0
"Advanced Rocketry","advancedrocketry:arabducteditem","EntityItemAbducted",4
"Advanced Rocketry","advancedrocketry:arhovercraft","EntityHoverCraft",9
"Advanced Rocketry","advancedrocketry:arplanetuibutton","EntityUIButton",6
"Advanced Rocketry","advancedrocketry:arplanetuiitem","EntityUIPlanet",5
"Advanced Rocketry","advancedrocketry:arspaceelevatorcapsule","EntityElevatorCapsule",8
"Advanced Rocketry","advancedrocketry:arstaruibutton","EntityUIStar",7
"Advanced Rocketry","advancedrocketry:deployedrocket","EntityStationDeployedRocket",3
"Advanced Rocketry","advancedrocketry:lasernode","EntityLaserNode",2
"Advanced Rocketry","advancedrocketry:mountdummy","EntityDummy",0
"Advanced Rocketry","advancedrocketry:rocket","EntityRocket",1
"Animania","animania:buck_alpine","EntityBuckAlpine",114
"Animania","animania:buck_angora","EntityBuckAngora",117
"Animania","animania:buck_chinchilla","EntityRabbitBuckChinchilla",11
"Animania","animania:buck_cottontail","EntityRabbitBuckCottontail",8
"Animania","animania:buck_dutch","EntityRabbitBuckDutch",14
"Animania","animania:buck_fainting","EntityBuckFainting",120
"Animania","animania:buck_havana","EntityRabbitBuckHavana",17
"Animania","animania:buck_jack","EntityRabbitBuckJack",20
"Animania","animania:buck_kiko","EntityBuckKiko",123
"Animania","animania:buck_kinder","EntityBuckKinder",126
"Animania","animania:buck_lop","EntityRabbitBuckLop",29
"Animania","animania:buck_new_zealand","EntityRabbitBuckNewZealand",23
"Animania","animania:buck_nigerian_dwarf","EntityBuckNigerianDwarf",129
"Animania","animania:buck_pygmy","EntityBuckPygmy",132
"Animania","animania:buck_rex","EntityRabbitBuckRex",26
"Animania","animania:bull_angus","EntityBullAngus",91
"Animania","animania:bull_friesian","EntityBullFriesian",94
"Animania","animania:bull_hereford","EntityBullHereford",97
"Animania","animania:bull_highland","EntityBullHighland",106
"Animania","animania:bull_holstein","EntityBullHolstein",100
"Animania","animania:bull_jersey","EntityBullJersey",109
"Animania","animania:bull_longhorn","EntityBullLonghorn",103
"Animania","animania:bull_mooshroom","EntityBullMooshroom",112
"Animania","animania:calf_angus","EntityCalfAngus",89
"Animania","animania:calf_friesian","EntityCalfFriesian",92
"Animania","animania:calf_hereford","EntityCalfHereford",95
"Animania","animania:calf_highland","EntityCalfHighland",104
"Animania","animania:calf_holstein","EntityCalfHolstein",98
"Animania","animania:calf_jersey","EntityCalfJersey",107
"Animania","animania:calf_longhorn","EntityCalfLonghorn",101
"Animania","animania:calf_mooshroom","EntityCalfMooshroom",110
"Animania","animania:cart","EntityCart",153
"Animania","animania:chick_leghorn","EntityChickLeghorn",74
"Animania","animania:chick_orpington","EntityChickOrpington",77
"Animania","animania:chick_plymouth_rock","EntityChickPlymouthRock",80
"Animania","animania:chick_rhode_island_red","EntityChickRhodeIslandRed",83
"Animania","animania:chick_wyandotte","EntityChickWyandotte",86
"Animania","animania:cow_angus","EntityCowAngus",90
"Animania","animania:cow_friesian","EntityCowFriesian",93
"Animania","animania:cow_hereford","EntityCowHereford",96
"Animania","animania:cow_highland","EntityCowHighland",105
"Animania","animania:cow_holstein","EntityCowHolstein",99
"Animania","animania:cow_jersey","EntityCowJersey",108
"Animania","animania:cow_longhorn","EntityCowLonghorn",102
"Animania","animania:cow_mooshroom","EntityCowMooshroom",111
"Animania","animania:dartfrog","EntityDartFrogs",7
"Animania","animania:doe_alpine","EntityDoeAlpine",115
"Animania","animania:doe_angora","EntityDoeAngora",118
"Animania","animania:doe_chinchilla","EntityRabbitDoeChinchilla",12
"Animania","animania:doe_cottontail","EntityRabbitDoeCottontail",9
"Animania","animania:doe_dutch","EntityRabbitDoeDutch",15
"Animania","animania:doe_fainting","EntityDoeFainting",121
"Animania","animania:doe_havana","EntityRabbitDoeHavana",18
"Animania","animania:doe_jack","EntityRabbitDoeJack",21
"Animania","animania:doe_kiko","EntityDoeKiko",124
"Animania","animania:doe_kinder","EntityDoeKinder",127
"Animania","animania:doe_lop","EntityRabbitDoeLop",30
"Animania","animania:doe_new_zealand","EntityRabbitDoeNewZealand",24
"Animania","animania:doe_nigerian_dwarf","EntityDoeNigerianDwarf",130
"Animania","animania:doe_pygmy","EntityDoePygmy",133
"Animania","animania:doe_rex","EntityRabbitDoeRex",27
"Animania","animania:ewe_dorper","EntityEweDorper",141
"Animania","animania:ewe_dorset","EntityEweDorset",144
"Animania","animania:ewe_friesian","EntityEweFriesian",135
"Animania","animania:ewe_jacob","EntityEweJacob",150
"Animania","animania:ewe_merino","EntityEweMerino",147
"Animania","animania:ewe_suffolk","EntityEweSuffolk",138
"Animania","animania:ferret_grey","EntityFerretGrey",1
"Animania","animania:ferret_white","EntityFerretWhite",2
"Animania","animania:foal_draft","EntityFoalDraftHorse",55
"Animania","animania:frog","EntityFrogs",6
"Animania","animania:hamster","EntityHamster",0
"Animania","animania:hedgehog","EntityHedgehog",3
"Animania","animania:hedgehog_albino","EntityHedgehogAlbino",4
"Animania","animania:hen_leghorn","EntityHenLeghorn",75
"Animania","animania:hen_orpington","EntityHenOrpington",78
"Animania","animania:hen_plymouth_rock","EntityHenPlymouthRock",81
"Animania","animania:hen_rhode_island_red","EntityHenRhodeIslandRed",84
"Animania","animania:hen_wyandotte","EntityHenWyandotte",87
"Animania","animania:hog_duroc","EntityHogDuroc",73
"Animania","animania:hog_hampshire","EntityHogHampshire",70
"Animania","animania:hog_large_black","EntityHogLargeBlack",64
"Animania","animania:hog_large_white","EntityHogLargeWhite",67
"Animania","animania:hog_old_spot","EntityHogOldSpot",61
"Animania","animania:hog_yorkshire","EntityHogYorkshire",58
"Animania","animania:kid_alpine","EntityKidAlpine",113
"Animania","animania:kid_angora","EntityKidAngora",116
"Animania","animania:kid_fainting","EntityKidFainting",119
"Animania","animania:kid_kiko","EntityKidKiko",122
"Animania","animania:kid_kinder","EntityKidKinder",125
"Animania","animania:kid_nigerian_dwarf","EntityKidNigerianDwarf",128
"Animania","animania:kid_pygmy","EntityKidPygmy",131
"Animania","animania:kit_chinchilla","EntityRabbitKitChinchilla",13
"Animania","animania:kit_cottontail","EntityRabbitKitCottontail",10
"Animania","animania:kit_dutch","EntityRabbitKitDutch",16
"Animania","animania:kit_havana","EntityRabbitKitHavana",19
"Animania","animania:kit_jack","EntityRabbitKitJack",22
"Animania","animania:kit_lop","EntityRabbitKitLop",31
"Animania","animania:kit_new_zealand","EntityRabbitKitNewZealand",25
"Animania","animania:kit_rex","EntityRabbitKitRex",28
"Animania","animania:lamb_dorper","EntityLambDorper",140
"Animania","animania:lamb_dorset","EntityLambDorset",143
"Animania","animania:lamb_friesian","EntityLambFriesian",134
"Animania","animania:lamb_jacob","EntityLambJacob",149
"Animania","animania:lamb_merino","EntityLambMerino",146
"Animania","animania:lamb_suffolk","EntityLambSuffolk",137
"Animania","animania:mare_draft","EntityMareDraftHorse",53
"Animania","animania:peachick_blue","EntityPeachickBlue",47
"Animania","animania:peachick_charcoal","EntityPeachickCharcoal",32
"Animania","animania:peachick_opal","EntityPeachickOpal",35
"Animania","animania:peachick_peach","EntityPeachickPeach",38
"Animania","animania:peachick_purple","EntityPeachickPurple",41
"Animania","animania:peachick_taupe","EntityPeachickTaupe",44
"Animania","animania:peachick_white","EntityPeachickWhite",50
"Animania","animania:peacock_blue","EntityPeacockBlue",49
"Animania","animania:peacock_charcoal","EntityPeacockCharcoal",34
"Animania","animania:peacock_opal","EntityPeacockOpal",37
"Animania","animania:peacock_peach","EntityPeacockPeach",40
"Animania","animania:peacock_purple","EntityPeacockPurple",43
"Animania","animania:peacock_taupe","EntityPeacockTaupe",46
"Animania","animania:peacock_white","EntityPeacockWhite",52
"Animania","animania:peahen_blue","EntityPeafowlBlue",48
"Animania","animania:peahen_charcoal","EntityPeafowlCharcoal",33
"Animania","animania:peahen_opal","EntityPeafowlOpal",36
"Animania","animania:peahen_peach","EntityPeafowlPeach",39
"Animania","animania:peahen_purple","EntityPeafowlPurple",42
"Animania","animania:peahen_taupe","EntityPeafowlTaupe",45
"Animania","animania:peahen_white","EntityPeafowlWhite",51
"Animania","animania:piglet_duroc","EntityPigletDuroc",71
"Animania","animania:piglet_hampshire","EntityPigletHampshire",68
"Animania","animania:piglet_large_black","EntityPigletLargeBlack",62
"Animania","animania:piglet_large_white","EntityPigletLargeWhite",65
"Animania","animania:piglet_old_spot","EntityPigletOldSpot",59
"Animania","animania:piglet_yorkshire","EntityPigletYorkshire",56
"Animania","animania:ram_dorper","EntityRamDorper",142
"Animania","animania:ram_dorset","EntityRamDorset",145
"Animania","animania:ram_friesian","EntityRamFriesian",136
"Animania","animania:ram_jacob","EntityRamJacob",151
"Animania","animania:ram_merino","EntityRamMerino",148
"Animania","animania:ram_suffolk","EntityRamSuffolk",139
"Animania","animania:rooster_leghorn","EntityRoosterLeghorn",76
"Animania","animania:rooster_orpington","EntityRoosterOrpington",79
"Animania","animania:rooster_plymouth_rock","EntityRoosterPlymouthRock",82
"Animania","animania:rooster_rhode_island_red","EntityRoosterRhodeIslandRed",85
"Animania","animania:rooster_wyandotte","EntityRoosterWyandotte",88
"Animania","animania:sow_duroc","EntitySowDuroc",72
"Animania","animania:sow_hampshire","EntitySowHampshire",69
"Animania","animania:sow_large_black","EntitySowLargeBlack",63
"Animania","animania:sow_large_white","EntitySowLargeWhite",66
"Animania","animania:sow_old_spot","EntitySowOldSpot",60
"Animania","animania:sow_yorkshire","EntitySowYorkshire",57
"Animania","animania:stallion_draft","EntityStallionDraftHorse",54
"Animania","animania:tiller","EntityTiller",154
"Animania","animania:toad","EntityToad",5
"Animania","animania:wagon","EntityWagon",152
"Applied Energistics 2","appliedenergistics2:appeng.entity.entitychargedquartz","EntityChargedQuartz",12
"Applied Energistics 2","appliedenergistics2:appeng.entity.entitygrowingcrystal","EntityGrowingCrystal",13
"Applied Energistics 2","appliedenergistics2:appeng.entity.entitysingularity","EntitySingularity",11
"Applied Energistics 2","appliedenergistics2:appeng.entity.entitytinytntprimed","EntityTinyTNTPrimed",10
"Astral Sorcery","astralsorcery:entitycrystal","EntityCrystal",2
"Astral Sorcery","astralsorcery:entitycrystaltool","EntityCrystalTool",7
"Astral Sorcery","astralsorcery:entityflare","EntityFlare",3
"Astral Sorcery","astralsorcery:entitygrapplinghook","EntityGrapplingHook",8
"Astral Sorcery","astralsorcery:entityhighlighted","EntityItemHighlighted",0
"Astral Sorcery","astralsorcery:entityilluminationspark","EntityIlluminationSpark",5
"Astral Sorcery","astralsorcery:entityitemdamageresistant","EntityItemExplosionResistant",13
"Astral Sorcery","astralsorcery:entityliquidspark","EntityLiquidSpark",10
"Astral Sorcery","astralsorcery:entitynocturnalspark","EntityNocturnalSpark",6
"Astral Sorcery","astralsorcery:entityobservatoryhelper","EntityObservatoryHelper",11
"Astral Sorcery","astralsorcery:entityshootingstar","EntityShootingStar",12
"Astral Sorcery","astralsorcery:entityspectraltool","EntitySpectralTool",9
"Astral Sorcery","astralsorcery:entitystarburst","EntityStarburst",4
"Astral Sorcery","astralsorcery:entitystardust","EntityItemStardust",1
"Avaritia","avaritia:endest_pearl","EntityEndestPearl",1
"Avaritia","avaritia:gaping_void","EntityGapingVoid",2
"Avaritia","avaritia:heaven_arrow","EntityHeavenArrow",3
"Avaritia","avaritia:heaven_sub_arrow","EntityHeavenSubArrow",4
"Better Animals Plus","betteranimalsplus:badger","EntityBadger",16
"Better Animals Plus","betteranimalsplus:badgerdirt","EntityBadgerDirt",32
"Better Animals Plus","betteranimalsplus:blackbear","EntityBearNeutral",1
"Better Animals Plus","betteranimalsplus:boar","EntityBoar",13
"Better Animals Plus","betteranimalsplus:bobbit_worm","EntityBobbitWorm",25
"Better Animals Plus","betteranimalsplus:brownbear","EntityBear",0
"Better Animals Plus","betteranimalsplus:coyote","EntityCoyote",5
"Better Animals Plus","betteranimalsplus:crab","EntityCrab",19
"Better Animals Plus","betteranimalsplus:deer","EntityDeer",2
"Better Animals Plus","betteranimalsplus:eel_freshwater","EntityFreshwaterEel",27
"Better Animals Plus","betteranimalsplus:eel_saltwater","EntitySaltwaterEel",28
"Better Animals Plus","betteranimalsplus:feralwolf","EntityFeralWolf",4
"Better Animals Plus","betteranimalsplus:fox","EntityFox",6
"Better Animals Plus","betteranimalsplus:goat","EntityGoat",9
"Better Animals Plus","betteranimalsplus:golden_goose_egg","EntityGoldenGooseEgg",37
"Better Animals Plus","betteranimalsplus:goose","EntityGoose",26
"Better Animals Plus","betteranimalsplus:goose_egg","EntityGooseEgg",36
"Better Animals Plus","betteranimalsplus:hirschgeist","EntityHirschgeist",8
"Better Animals Plus","betteranimalsplus:horseshoecrab","EntityHorseshoeCrab",20
"Better Animals Plus","betteranimalsplus:jellyfish","EntityJellyfish",10
"Better Animals Plus","betteranimalsplus:kermodebear","EmptyEntity",33
"Better Animals Plus","betteranimalsplus:lammergeier","EntityLammergeier",3
"Better Animals Plus","betteranimalsplus:lamprey","EntityLamprey",17
"Better Animals Plus","betteranimalsplus:moose","EntityMoose",22
"Better Animals Plus","betteranimalsplus:nautilus","EntityNautilus",18
"Better Animals Plus","betteranimalsplus:pheasant","EntityPheasant",11
"Better Animals Plus","betteranimalsplus:pheasantegg","EntityPheasantEgg",34
"Better Animals Plus","betteranimalsplus:reindeer","EntityReindeer",12
"Better Animals Plus","betteranimalsplus:shark","EntityShark",21
"Better Animals Plus","betteranimalsplus:songbird","EntitySongbird",15
"Better Animals Plus","betteranimalsplus:squirrel","EntitySquirrel",14
"Better Animals Plus","betteranimalsplus:tarantula","EntityTarantula",7
"Better Animals Plus","betteranimalsplus:tarantulahair","EntityTarantulaHair",31
"Better Animals Plus","betteranimalsplus:turkey","EntityTurkey",23
"Better Animals Plus","betteranimalsplus:turkeyegg","EntityTurkeyEgg",35
"Better Animals Plus","betteranimalsplus:walrus","EntityWalrus",30
"Better Animals Plus","betteranimalsplus:whale","EntityWhale",29
"Better Animals Plus","betteranimalsplus:zotzpyre","EntityZotzpyre",24
"Better Questing","betterquesting:placeholder","EntityPlaceholder",0
"BiblioCraft","bibliocraft:biblioseat","EntitySeat",0
"Biomes O' Plenty","biomesoplenty:bop_boat","EntityBOPBoat",2
"Biomes O' Plenty","biomesoplenty:mudball","EntityMudball",1
"Biomes O' Plenty","biomesoplenty:wasp","EntityWasp",3
"Blood Magic: Alchemical Wizardry","bloodmagic:blood_light","EntityBloodLight",1
"Blood Magic: Alchemical Wizardry","bloodmagic:corrupted_chicken","EntityCorruptedChicken",9
"Blood Magic: Alchemical Wizardry","bloodmagic:corrupted_sheep","EntityCorruptedSheep",8
"Blood Magic: Alchemical Wizardry","bloodmagic:corrupted_spider","EntityCorruptedSpider",10
"Blood Magic: Alchemical Wizardry","bloodmagic:corrupted_zombie","EntityCorruptedZombie",7
"Blood Magic: Alchemical Wizardry","bloodmagic:meteor","EntityMeteor",4
"Blood Magic: Alchemical Wizardry","bloodmagic:mimic","EntityMimic",6
"Blood Magic: Alchemical Wizardry","bloodmagic:sentient_specter","EntitySentientSpecter",5
"Blood Magic: Alchemical Wizardry","bloodmagic:soul_arrow","EntitySentientArrow",3
"Blood Magic: Alchemical Wizardry","bloodmagic:soul_snare","EntitySoulSnare",2
"Botania","botania:babylon_weapon","EntityBabylonWeapon",17
"Botania","botania:corporea_spark","EntityCorporeaSpark",11
"Botania","botania:doppleganger","EntityDoppleganger",5
"Botania","botania:ender_air_bottle","EntityEnderAirBottle",12
"Botania","botania:falling_star","EntityFallingStar",18
"Botania","botania:flame_ring","EntityFlameRing",3
"Botania","botania:magic_landmine","EntityMagicLandmine",6
"Botania","botania:magic_missile","EntityMagicMissile",9
"Botania","botania:mana_burst","EntityManaBurst",0
"Botania","botania:mana_storm","EntityManaStorm",16
"Botania","botania:pink_wither","EntityPinkWither",14
"Botania","botania:pixie","EntityPixie",2
"Botania","botania:player_mover","EntityPlayerMover",15
"Botania","botania:pool_minecart","EntityPoolMinecart",13
"Botania","botania:signal_flare","EntitySignalFlare",1
"Botania","botania:spark","EntitySpark",7
"Botania","botania:thorn_chakram","EntityThornChakram",10
"Botania","botania:thrown_item","EntityThrownItem",8
"Botania","botania:vine_ball","EntityVineBall",4
"Building Gadgets","buildinggadgets:blockbuildentity","BlockBuildEntity",1
"Building Gadgets","buildinggadgets:constructionblockentity","ConstructionBlockEntity",2
"CC: Tweaked","computercraft:turtle_player","TurtlePlayer",0
"Clumps","clumps:xp_orb_big","EntityXPOrbBig",0
"Cyclic","cyclicmagic:blazebolt","EntityBlazeBolt",1107
"Cyclic","cyclicmagic:boomerang","EntityBoomerang",1118
"Cyclic","cyclicmagic:dungeonbolt","EntityDungeonEye",1110
"Cyclic","cyclicmagic:ender_eye_orb","EntityEnderEyeUnbreakable",1108
"Cyclic","cyclicmagic:frostbolt","EntitySnowballBolt",1116
"Cyclic","cyclicmagic:golddropperminecart","EntityMinecartDropper",1103
"Cyclic","cyclicmagic:goldfurnaceminecart","EntityGoldFurnaceMinecart",1101
"Cyclic","cyclicmagic:goldminecart","EntityGoldMinecart",1100
"Cyclic","cyclicmagic:lightningbolt","EntityLightningballBolt",1111
"Cyclic","cyclicmagic:magic_missile","EntityHomingProjectile",1117
"Cyclic","cyclicmagic:magicnetempty","EntityMagicNetEmpty",1115
"Cyclic","cyclicmagic:magicnetfull","EntityMagicNetFull",1114
"Cyclic","cyclicmagic:robot","EntityRobot",1030
"Cyclic","cyclicmagic:slingshot_bullet","EntitySlingshot",1119
"Cyclic","cyclicmagic:stoneminecart","EntityStoneMinecart",1102
"Cyclic","cyclicmagic:tntblocksafebolt","EntityDynamiteBlockSafe",1105
"Cyclic","cyclicmagic:tntbolt","EntityDynamite",1112
"Cyclic","cyclicmagic:tntminingbolt","EntityDynamiteMining",1106
"Cyclic","cyclicmagic:torchbolt","EntityTorchBolt",1109
"Cyclic","cyclicmagic:turretminecart","EntityMinecartTurret",1104
"Cyclic","cyclicmagic:woolbolt","EntityShearingBolt",1113
"Dark Utilities","darkutils:fake_tnt","EntityFakeTNT",0
"Deep Mob Learning","deepmoblearning:glitch","EntityGlitch",0
"Deep Mob Learning","deepmoblearning:glitch_orb","EntityGlitchOrb",1
"Deep Mob Learning","deepmoblearning:item_glitch_fragment","EntityItemGlitchFragment",6
"Deep Mob Learning","deepmoblearning:trial_cave_spider","EntityTrialCaveSpider",4
"Deep Mob Learning","deepmoblearning:trial_enderman","EntityTrialEnderman",2
"Deep Mob Learning","deepmoblearning:trial_slime","EntityTrialSlime",5
"Deep Mob Learning","deepmoblearning:trial_spider","EntityTrialSpider",3
"Draconic Evolution","draconicevolution:chaosguardian","EntityChaosGuardian",6
"Draconic Evolution","draconicevolution:customarrow","EntityCustomArrow",11
"Draconic Evolution","draconicevolution:dragonheartitem","EntityDragonHeart",5
"Draconic Evolution","draconicevolution:enderenergymanipulator","EntityEnderEnergyManipulator",13
"Draconic Evolution","draconicevolution:entitychaosenergyvortex","EntityChaosImplosion",10
"Draconic Evolution","draconicevolution:guardiancrystal","EntityGuardianCrystal",8
"Draconic Evolution","draconicevolution:guardianprojectile","EntityGuardianProjectile",7
"Draconic Evolution","draconicevolution:lootcore","EntityLootCore",12
"Draconic Evolution","draconicevolution:persistentitem","EntityPersistentItem",1
"EmberRoot Zoo","emberroot:creeper","EntityConcussionCreeper",7
"EmberRoot Zoo","emberroot:deers","EntityDeer",0
"EmberRoot Zoo","emberroot:dire_wolf","EntityDireWolf",11
"EmberRoot Zoo","emberroot:ember_projectile","EntityGolemLaser",4
"EmberRoot Zoo","emberroot:enderminy","EntityEnderminy",14
"EmberRoot Zoo","emberroot:entityowlegg","EntityOwlEgg",10
"EmberRoot Zoo","emberroot:fairies","EntityFairy",2
"EmberRoot Zoo","emberroot:fallenmount","EntityFallenMount",16
"EmberRoot Zoo","emberroot:hero","EntityFallenHero",6
"EmberRoot Zoo","emberroot:knight_fallen","EntityFallenKnight",15
"EmberRoot Zoo","emberroot:owl","EntityOwl",8
"EmberRoot Zoo","emberroot:rainbow_golem","EntityAncientGolem",5
"EmberRoot Zoo","emberroot:rainbowslime","EntityRainbowSlime",3
"EmberRoot Zoo","emberroot:rootsonesprite","EntitySprite",18
"EmberRoot Zoo","emberroot:rootsonespriteboss","EntitySpriteGuardianBoss",22
"EmberRoot Zoo","emberroot:rootsonespritegreater","EntityGreaterSprite",21
"EmberRoot Zoo","emberroot:rootsonespriteling","EntitySpriteling",19
"EmberRoot Zoo","emberroot:rootsonespriteprojectile","EntitySpriteProjectile",20
"EmberRoot Zoo","emberroot:skeleton_frozen","EntityFrozenKnight",23
"EmberRoot Zoo","emberroot:slime","EntityDireSlime",9
"EmberRoot Zoo","emberroot:sprouts","EntitySprout",1
"EmberRoot Zoo","emberroot:timberwolf","EntityTimberWolf",17
"EmberRoot Zoo","emberroot:withercat","EntityWitherCat",12
"EmberRoot Zoo","emberroot:witherwitch","EntityWitherWitch",13
"End: Reborn","endreborn:chronologist","EntityChronologist",4
"End: Reborn","endreborn:end_fireball","EntityColdFireball",-1
"End: Reborn","endreborn:endguard","EntityEGuard",1
"End: Reborn","endreborn:endlord","EntityLord",3
"End: Reborn","endreborn:watcher","EntityWatcher",2
"Ender IO","enderio:falling_machine","EntityFallingMachine",1
"Ender IO","enderio:owl_egg","EntityOwlEgg",9
"Ender IO","enderio:primed_charge","EntityPrimedCharge",0
"Ender IO","enderiomachines:weather_rocket","EntityWeatherRocket",33
"Ex Compressum","excompressum:angry_chicken","EntityAngryChicken",0
"Ex Nihilo Creatio","exnihilocreatio:thrown stone","ProjectileStone",0
"Extra Utilities 2","extrautils2:boomerang","EntityBoomerang",0
"Extra Utilities 2","extrautils2:chunkdata","EntityChunkData",1
"Eye of Dragons","eyeofdragons:eye_of_firedragon","EntityFireDragonEye",1547
"Eye of Dragons","eyeofdragons:eye_of_icedragon","EntityIceDragonEye",1548
"Farming for Blockheads","farmingforblockheads:merchant","EntityMerchant",0
"Flux Networks","fluxnetworks:flux","EntityFireItem",0
"Forestry","forestry:butterflyge","EntityButterfly",0
"Forestry","forestry:cart.apiary","EntityMinecartApiary",2
"Forestry","forestry:cart.beehouse","EntityMinecartBeehouse",1
"Hole Filler Mod","hole_filler_mod:entity_throwable_hole_filler","EntityThrowableHoleFiller",0
"Hole Filler Mod","hole_filler_mod:entity_throwable_hole_filler_balanced","EntityThrowableHoleFillerBalanced",1
"Hole Filler Mod","hole_filler_mod:entity_throwable_hole_filler_dark","EntityThrowableHoleFillerDark",6
"Hole Filler Mod","hole_filler_mod:entity_throwable_hole_filler_lava","EntityThrowableHoleFillerLava",4
"Hole Filler Mod","hole_filler_mod:entity_throwable_hole_filler_light","EntityThrowableHoleFillerLight",5
"Hole Filler Mod","hole_filler_mod:entity_throwable_hole_filler_smart","EntityThrowableHoleFillerSmart",2
"Hole Filler Mod","hole_filler_mod:entity_throwable_hole_filler_water","EntityThrowableHoleFillerWater",3
"Ice and Fire","iceandfire:amphithere","EntityAmphithere",934
"Ice and Fire","iceandfire:amphitherearrow","EntityAmphithereArrow",935
"Ice and Fire","iceandfire:chaintie","EntityChainTie",939
"Ice and Fire","iceandfire:cyclops","EntityCyclops",917
"Ice and Fire","iceandfire:deathworm","EntityDeathWorm",920
"Ice and Fire","iceandfire:deathwormegg","EntityDeathWormEgg",921
"Ice and Fire","iceandfire:dragonarrow","EntityDragonArrow",902
"Ice and Fire","iceandfire:dragonegg","EntityDragonEgg",901
"Ice and Fire","iceandfire:dragonfirecharge","EntityDragonFireCharge",908
"Ice and Fire","iceandfire:dragonicecharge","EntityDragonIceCharge",909
"Ice and Fire","iceandfire:dragonskull","EntityDragonSkull",903
"Ice and Fire","iceandfire:dread_beast","EntityDreadBeast",946
"Ice and Fire","iceandfire:dread_ghoul","EntityDreadGhoul",945
"Ice and Fire","iceandfire:dread_horse","EntityDreadHorse",951
"Ice and Fire","iceandfire:dread_knight","EntityDreadKnight",950
"Ice and Fire","iceandfire:dread_lich","EntityDreadLich",948
"Ice and Fire","iceandfire:dread_lich_skull","EntityDreadLichSkull",949
"Ice and Fire","iceandfire:dread_scuttler","EntityDreadScuttler",947
"Ice and Fire","iceandfire:dread_thrall","EntityDreadThrall",944
"Ice and Fire","iceandfire:firedragon","EntityFireDragon",905
"Ice and Fire","iceandfire:gorgon","EntityGorgon",914
"Ice and Fire","iceandfire:hippocampus","EntityHippocampus",919
"Ice and Fire","iceandfire:hippogryph","EntityHippogryph",912
"Ice and Fire","iceandfire:hippogryphegg","EntityHippogryphEgg",911
"Ice and Fire","iceandfire:hydra_arrow","EntityHydraArrow",954
"Ice and Fire","iceandfire:hydra_breath","EntityHydraBreath",953
"Ice and Fire","iceandfire:icedragon","EntityIceDragon",907
"Ice and Fire","iceandfire:if_cockatrice","EntityCockatrice",922
"Ice and Fire","iceandfire:if_cockatriceegg","EntityCockatriceEgg",923
"Ice and Fire","iceandfire:if_hydra","EntityHydra",952
"Ice and Fire","iceandfire:if_mob_skull","EntityMobSkull",943
"Ice and Fire","iceandfire:if_pixie","EntityPixie",915
"Ice and Fire","iceandfire:if_troll","EntityTroll",927
"Ice and Fire","iceandfire:myrmex_egg","EntityMyrmexEgg",933
"Ice and Fire","iceandfire:myrmex_queen","EntityMyrmexQueen",932
"Ice and Fire","iceandfire:myrmex_royal","EntityMyrmexRoyal",931
"Ice and Fire","iceandfire:myrmex_sentinel","EntityMyrmexSentinel",930
"Ice and Fire","iceandfire:myrmex_soldier","EntityMyrmexSoldier",929
"Ice and Fire","iceandfire:myrmex_swarmer","EntityMyrmexSwarmer",941
"Ice and Fire","iceandfire:myrmex_worker","EntityMyrmexWorker",928
"Ice and Fire","iceandfire:pixiecharge","EntityPixieCharge",940
"Ice and Fire","iceandfire:seaserpent","EntitySeaSerpent",936
"Ice and Fire","iceandfire:seaserpentarrow","EntitySeaSerpentArrow",938
"Ice and Fire","iceandfire:seaserpentbubble","EntitySeaSerpentBubbles",937
"Ice and Fire","iceandfire:siren","EntitySiren",918
"Ice and Fire","iceandfire:snowvillager","EntitySnowVillager",910
"Ice and Fire","iceandfire:stonestatue","EntityStoneStatue",913
"Ice and Fire","iceandfire:stymphalianarrow","EntityStymphalianArrow",926
"Ice and Fire","iceandfire:stymphalianbird","EntityStymphalianBird",924
"Ice and Fire","iceandfire:stymphalianfeather","EntityStymphalianFeather",925
"Ice and Fire","iceandfire:tide_trident","EntityTideTrident",942
"Immersive Engineering","immersiveengineering:chemthrowershot","EntityChemthrowerShot",4
"Immersive Engineering","immersiveengineering:explosive","EntityIEExplosive",7
"Immersive Engineering","immersiveengineering:fluorescenttube","EntityFluorescentTube",8
"Immersive Engineering","immersiveengineering:railgunshot","EntityRailgunShot",5
"Immersive Engineering","immersiveengineering:revolvershot","EntityRevolvershot",0
"Immersive Engineering","immersiveengineering:revolvershotflare","EntityRevolvershotFlare",6
"Immersive Engineering","immersiveengineering:revolvershothoming","EntityRevolvershotHoming",2
"Immersive Engineering","immersiveengineering:revolvershotwolfpack","EntityWolfpackShot",3
"Immersive Engineering","immersiveengineering:skylinehook","EntitySkylineHook",1
"Immersive Petroleum","immersivepetroleum:speedboat","EntitySpeedboat",0
"Industrial Foregoing","industrialforegoing:pink_slime","EntityPinkSlime",135135
"Industrial Wires","industrialwires:broken_part","EntityBrokenPart",0
"IndustrialCraft 2","ic2:carbon_boat","EntityBoatCarbon",5
"IndustrialCraft 2","ic2:dynamite","EntityDynamite",1
"IndustrialCraft 2","ic2:electric_boat","EntityBoatElectric",7
"IndustrialCraft 2","ic2:fireproof_item","FireproofItem",10
"IndustrialCraft 2","ic2:itnt","EntityItnt",3
"IndustrialCraft 2","ic2:mining_laser","EntityMiningLaser",0
"IndustrialCraft 2","ic2:nuke","EntityNuke",4
"IndustrialCraft 2","ic2:particle","EntityParticle",8
"IndustrialCraft 2","ic2:rubber_boat","EntityBoatRubber",6
"IndustrialCraft 2","ic2:sticky_dynamite","EntityStickyDynamite",2
"Integrated Dynamics","integrateddynamics:entityitemtargetted","EntityItemTargetted",0
"LittleTiles","littletiles:animation","EntityAnimation",2
"LittleTiles","littletiles:sit","EntitySit",1
"LittleTiles","littletiles:sizetnt","EntitySizedTNTPrimed",0
"Mekanism","mekanism:babyskeleton","EntityBabySkeleton",3
"Mekanism","mekanism:balloon","EntityBalloon",2
"Mekanism","mekanism:flame","EntityFlame",4
"Mekanism","mekanism:obsidiantnt","EntityObsidianTNT",0
"Mekanism","mekanism:robit","EntityRobit",1
"Minecraft","minecraft:area_effect_cloud","EntityAreaEffectCloud",3
"Minecraft","minecraft:armor_stand","EntityArmorStand",30
"Minecraft","minecraft:arrow","EntityTippedArrow",10
"Minecraft","minecraft:bat","EntityBat",65
"Minecraft","minecraft:blaze","EntityBlaze",61
"Minecraft","minecraft:boat","EntityBoat",41
"Minecraft","minecraft:cave_spider","EntityCaveSpider",59
"Minecraft","minecraft:chest_minecart","EntityMinecartChest",43
"Minecraft","minecraft:chicken","EntityChicken",93
"Minecraft","minecraft:commandblock_minecart","EntityMinecartCommandBlock",40
"Minecraft","minecraft:cow","EntityCow",92
"Minecraft","minecraft:creeper","EntityCreeper",50
"Minecraft","minecraft:donkey","EntityDonkey",31
"Minecraft","minecraft:dragon_fireball","EntityDragonFireball",26
"Minecraft","minecraft:egg","EntityEgg",7
"Minecraft","minecraft:elder_guardian","EntityElderGuardian",4
"Minecraft","minecraft:ender_crystal","EntityEnderCrystal",200
"Minecraft","minecraft:ender_dragon","EntityDragon",63
"Minecraft","minecraft:ender_pearl","EntityEnderPearl",14
"Minecraft","minecraft:enderman","EntityEnderman",58
"Minecraft","minecraft:endermite","EntityEndermite",67
"Minecraft","minecraft:evocation_fangs","EntityEvokerFangs",33
"Minecraft","minecraft:evocation_illager","EntityEvoker",34
"Minecraft","minecraft:eye_of_ender_signal","EntityEnderEye",15
"Minecraft","minecraft:falling_block","EntityFallingBlock",21
"Minecraft","minecraft:fireball","EntityLargeFireball",12
"Minecraft","minecraft:fireworks_rocket","EntityFireworkRocket",22
"Minecraft","minecraft:furnace_minecart","EntityMinecartFurnace",44
"Minecraft","minecraft:ghast","EntityGhast",56
"Minecraft","minecraft:giant","EntityGiantZombie",53
"Minecraft","minecraft:guardian","EntityGuardian",68
"Minecraft","minecraft:hopper_minecart","EntityMinecartHopper",46
"Minecraft","minecraft:horse","EntityHorse",100
"Minecraft","minecraft:husk","EntityHusk",23
"Minecraft","minecraft:illusion_illager","EntityIllusionIllager",37
"Minecraft","minecraft:item","EntityItem",1
"Minecraft","minecraft:item_frame","EntityItemFrame",18
"Minecraft","minecraft:leash_knot","EntityLeashKnot",8
"Minecraft","minecraft:llama","EntityLlama",103
"Minecraft","minecraft:llama_spit","EntityLlamaSpit",104
"Minecraft","minecraft:magma_cube","EntityMagmaCube",62
"Minecraft","minecraft:minecart","EntityMinecartEmpty",42
"Minecraft","minecraft:mooshroom","EntityMooshroom",96
"Minecraft","minecraft:mule","EntityMule",32
"Minecraft","minecraft:ocelot","EntityOcelot",98
"Minecraft","minecraft:painting","EntityPainting",9
"Minecraft","minecraft:parrot","EntityParrot",105
"Minecraft","minecraft:pig","EntityPig",90
"Minecraft","minecraft:polar_bear","EntityPolarBear",102
"Minecraft","minecraft:potion","EntityPotion",16
"Minecraft","minecraft:rabbit","EntityRabbit",101
"Minecraft","minecraft:sheep","EntitySheep",91
"Minecraft","minecraft:shulker","EntityShulker",69
"Minecraft","minecraft:shulker_bullet","EntityShulkerBullet",25
"Minecraft","minecraft:silverfish","EntitySilverfish",60
"Minecraft","minecraft:skeleton","EntitySkeleton",51
"Minecraft","minecraft:skeleton_horse","EntitySkeletonHorse",28
"Minecraft","minecraft:slime","EntitySlime",55
"Minecraft","minecraft:small_fireball","EntitySmallFireball",13
"Minecraft","minecraft:snowball","EntitySnowball",11
"Minecraft","minecraft:snowman","EntitySnowman",97
"Minecraft","minecraft:spawner_minecart","EntityMinecartMobSpawner",47
"Minecraft","minecraft:spectral_arrow","EntitySpectralArrow",24
"Minecraft","minecraft:spider","EntitySpider",52
"Minecraft","minecraft:squid","EntitySquid",94
"Minecraft","minecraft:stray","EntityStray",6
"Minecraft","minecraft:tnt","EntityTNTPrimed",20
"Minecraft","minecraft:tnt_minecart","EntityMinecartTNT",45
"Minecraft","minecraft:vex","EntityVex",35
"Minecraft","minecraft:villager","EntityVillager",120
"Minecraft","minecraft:villager_golem","EntityIronGolem",99
"Minecraft","minecraft:vindication_illager","EntityVindicator",36
"Minecraft","minecraft:witch","EntityWitch",66
"Minecraft","minecraft:wither","EntityWither",64
"Minecraft","minecraft:wither_skeleton","EntityWitherSkeleton",5
"Minecraft","minecraft:wither_skull","EntityWitherSkull",19
"Minecraft","minecraft:wolf","EntityWolf",95
"Minecraft","minecraft:xp_bottle","EntityExpBottle",17
"Minecraft","minecraft:xp_orb","EntityXPOrb",2
"Minecraft","minecraft:zombie","EntityZombie",54
"Minecraft","minecraft:zombie_horse","EntityZombieHorse",29
"Minecraft","minecraft:zombie_pigman","EntityPigZombie",57
"Minecraft","minecraft:zombie_villager","EntityZombieVillager",27
"Mystical Agriculture","mysticalagriculture:inferium_arrow","EntityInferiumArrow",0
"Mystical Agriculture","mysticalagriculture:intermedium_arrow","EntityIntermediumArrow",2
"Mystical Agriculture","mysticalagriculture:prudentium_arrow","EntityPrudentiumArrow",1
"Mystical Agriculture","mysticalagriculture:superium_arrow","EntitySuperiumArrow",3
"Mystical Agriculture","mysticalagriculture:supremium_arrow","EntitySupremiumArrow",4
"Netherending Ores","netherendingores:netherfish","EntityNetherfish",667
"Netherending Ores","netherendingores:primedore","EntityPrimedOre",668
"NuclearCraft","nuclearcraft:feral_ghoul","EntityFeralGhoul",0
"OpenBlocks","openblocks:cartographer","EntityCartographer",705
"OpenBlocks","openblocks:glyph","EntityGlyph",711
"OpenBlocks","openblocks:golden_eye","EntityGoldenEye",707
"OpenBlocks","openblocks:hang_glider","EntityHangGlider",701
"OpenBlocks","openblocks:item_projectile","EntityItemProjectile",706
"OpenBlocks","openblocks:luggage","EntityLuggage",702
"OpenBlocks","openblocks:magnet","EntityMagnet",703
"OpenBlocks","openblocks:mini_me","EntityMiniMe",710
"OpenBlocks","openblocks:mounted_block","EntityMountedBlock",704
"OpenBlocks","openblocks:player_magnet","PlayerBound",708
"OpenBlocks","openblocks:xp_orb_no_fly","EntityXPOrbNoFly",709
"OpenComputers","opencomputers:drone","Drone",0
"OpenModsLib","openmods:block","EntityBlock",804
"Plethora","plethora:fakeplayer","PlethoraFakePlayer",1
"Plethora","plethora:laser","EntityLaser",0
"Plethora","plethora:minecartcomputer","EntityMinecartComputer",2
"PlusTiC","plustic:blindbandit","EntityBlindBandit",1
"PlusTiC","plustic:supremeleader","EntitySupremeLeader",0
"Psi","psi:spell_charge","EntitySpellCharge",3
"Psi","psi:spell_circle","EntitySpellCircle",1
"Psi","psi:spell_grenade","EntitySpellGrenade",2
"Psi","psi:spell_mine","EntitySpellMine",4
"Psi","psi:spell_projectile","EntitySpellProjectile",0
"Psio","psicosts:psi_flare","EntityPsiFlare",0
"Quark","quark:archaeologist","EntityArchaeologist",16
"Quark","quark:arrow_ender","EntityArrowEnder",5
"Quark","quark:arrow_explosive","EntityArrowExplosive",6
"Quark","quark:arrow_torch","EntityArrowTorch",7
"Quark","quark:ashen","EntityAshen",1
"Quark","quark:chest_passenger","EntityChestPassenger",13
"Quark","quark:colored_item_frame","EntityColoredItemFrame",0
"Quark","quark:crab","EntityCrab",22
"Quark","quark:dragon_breath_bottle","EntityDragonBreathBottle",11
"Quark","quark:dweller","EntityDweller",2
"Quark","quark:flat_item_frame","EntityFlatItemFrame",9
"Quark","quark:foxhound","EntityFoxhound",21
"Quark","quark:frog","EntityFrog",18
"Quark","quark:glass_item_frame","EntityGlassItemFrame",10
"Quark","quark:gravisand","EntityGravisand",23
"Quark","quark:leash_knot","EntityLeashKnot2TheKnotting",19
"Quark","quark:parrot_egg","EntityParrotEgg",14
"Quark","quark:pirate","EntityPirate",3
"Quark","quark:seat","Seat",12
"Quark","quark:soul_powder","EntitySoulPowder",8
"Quark","quark:stoneling","EntityStoneling",17
"Quark","quark:wraith","EntityWraith",4
"Random Things","randomthings:artificialendportal","EntityArtificialEndPortal",3
"Random Things","randomthings:eclipsedclock","EntityEclipsedClock",13
"Random Things","randomthings:fallingblockspecial","EntityFallingBlockSpecial",6
"Random Things","randomthings:floofireplace","EntityTemporaryFlooFireplace",5
"Random Things","randomthings:goldenchicken","EntityGoldenChicken",7
"Random Things","randomthings:goldenegg","EntityGoldenEgg",8
"Random Things","randomthings:playersoul","EntitySoul",0
"Random Things","randomthings:projecteditem","EntityProjectedItem",4
"Random Things","randomthings:revivecircle","EntityReviveCircle",1
"Random Things","randomthings:spectreilluminator","EntitySpectreIlluminator",12
"Random Things","randomthings:spirit","EntitySpirit",2
"Random Things","randomthings:thrownweatheregg","EntityThrownWeatherEgg",9
"Random Things","randomthings:timeaccelerator","EntityTimeAccelerator",11
"Random Things","randomthings:weathercloud","EntityWeatherCloud",10
"Rats","rats:black_death","EntityBlackDeath",18
"Rats","rats:cheese_cannonball","EntityCheeseCannonball",15
"Rats","rats:feral_ratlantean","EntityFeralRatlantean",7
"Rats","rats:illager_piper","EntityIllagerPiper",2
"Rats","rats:laser_beam","EntityLaserBeam",9
"Rats","rats:marbled_cheese_golem","EntityMarbleCheeseGolem",5
"Rats","rats:marbled_cheese_golem_beam","EntityGolemBeam",6
"Rats","rats:neo_ratlantean","EntityNeoRatlantean",8
"Rats","rats:neo_ratlantean_portal","EntityLaserPortal",10
"Rats","rats:pirat","EntityPirat",14
"Rats","rats:pirat_boat","EntityPiratBoat",13
"Rats","rats:plague_beast","EntityPlagueBeast",20
"Rats","rats:plague_cloud","EntityPlagueCloud",19
"Rats","rats:plague_doctor","EntityPlagueDoctor",16
"Rats","rats:plague_shot","EntityPlagueShot",21
"Rats","rats:purifying_liquid","EntityPurifyingLiquid",17
"Rats","rats:rat","EntityRat",1
"Rats","rats:rat_arrow","EntityRatArrow",24
"Rats","rats:rat_capture_net","EntityRatCaptureNet",22
"Rats","rats:rat_dragon_fire","EntityRatDragonFire",23
"Rats","rats:ratlantean_flame","EntityRatlanteanFlame",4
"Rats","rats:ratlantean_spirit","EntityRatlanteanSpirit",3
"Rats","rats:thrown_block","EntityThrownBlock",11
"Rats","rats:vial_of_sentience","EntityVialOfSentience",12
"Redstone Arsenal","redstonearsenal:flux_arrow","EntityArrowFlux",0
"Requious Frakto","requious:spear","EntitySpark",0
"Rustic","rustic:chair","EntityChair",1
"Rustic","rustic:tomato","EntityTomato",0
"Scaling Health","scalinghealth:blightfire","EntityBlightFire",0
"Smeltery IO","mctsmelteryio:textures/items/iceball.png","EntityIceball",0
"Thaumcraft","thaumcraft:alumentum","EntityAlumentum",6
"Thaumcraft","thaumcraft:arcanebore","EntityArcaneBore",18
"Thaumcraft","thaumcraft:bottletaint","EntityBottleTaint",9
"Thaumcraft","thaumcraft:brainyzombie","EntityBrainyZombie",24
"Thaumcraft","thaumcraft:causalitycollapser","EntityCausalityCollapser",12
"Thaumcraft","thaumcraft:cultistcleric","EntityCultistCleric",33
"Thaumcraft","thaumcraft:cultistknight","EntityCultistKnight",32
"Thaumcraft","thaumcraft:cultistleader","EntityCultistLeader",22
"Thaumcraft","thaumcraft:cultistportalgreater","EntityCultistPortalGreater",0
"Thaumcraft","thaumcraft:cultistportallesser","EntityCultistPortalLesser",1
"Thaumcraft","thaumcraft:eldritchcrab","EntityEldritchCrab",34
"Thaumcraft","thaumcraft:eldritchgolem","EntityEldritchGolem",21
"Thaumcraft","thaumcraft:eldritchguardian","EntityEldritchGuardian",31
"Thaumcraft","thaumcraft:eldritchorb","EntityEldritchOrb",8
"Thaumcraft","thaumcraft:eldritchwarden","EntityEldritchWarden",20
"Thaumcraft","thaumcraft:fallingtaint","EntityFallingTaint",5
"Thaumcraft","thaumcraft:firebat","EntityFireBat",27
"Thaumcraft","thaumcraft:fluxrift","EntityFluxRift",2
"Thaumcraft","thaumcraft:focuscloud","EntityFocusCloud",14
"Thaumcraft","thaumcraft:focusmine","EntityFocusMine",15
"Thaumcraft","thaumcraft:focusprojectile","EntityFocusProjectile",13
"Thaumcraft","thaumcraft:followitem","EntityFollowingItem",4
"Thaumcraft","thaumcraft:giantbrainyzombie","EntityGiantBrainyZombie",25
"Thaumcraft","thaumcraft:golem","EntityThaumcraftGolem",19
"Thaumcraft","thaumcraft:golemdart","EntityGolemDart",7
"Thaumcraft","thaumcraft:golemorb","EntityGolemOrb",10
"Thaumcraft","thaumcraft:grapple","EntityGrapple",11
"Thaumcraft","thaumcraft:inhabitedzombie","EntityInhabitedZombie",35
"Thaumcraft","thaumcraft:mindspider","EntityMindSpider",30
"Thaumcraft","thaumcraft:pech","EntityPech",29
"Thaumcraft","thaumcraft:specialitem","EntitySpecialItem",3
"Thaumcraft","thaumcraft:spellbat","EntitySpellBat",28
"Thaumcraft","thaumcraft:taintacle","EntityTaintacle",38
"Thaumcraft","thaumcraft:taintaclegiant","EntityTaintacleGiant",23
"Thaumcraft","thaumcraft:taintacletiny","EntityTaintacleSmall",39
"Thaumcraft","thaumcraft:taintcrawler","EntityTaintCrawler",37
"Thaumcraft","thaumcraft:taintseed","EntityTaintSeed",41
"Thaumcraft","thaumcraft:taintseedprime","EntityTaintSeedPrime",42
"Thaumcraft","thaumcraft:taintswarm","EntityTaintSwarm",40
"Thaumcraft","thaumcraft:thaumslime","EntityThaumicSlime",36
"Thaumcraft","thaumcraft:turretadvanced","EntityTurretCrossbowAdvanced",17
"Thaumcraft","thaumcraft:turretbasic","EntityTurretCrossbow",16
"Thaumcraft","thaumcraft:wisp","EntityWisp",26
"Thaumic Additions: Reconstructed","thaumadditions:blue_wolf","EntityBlueWolf",2
"Thaumic Additions: Reconstructed","thaumadditions:chester","EntityChester",0
"Thaumic Additions: Reconstructed","thaumadditions:essentia_shot","EntityEssentiaShot",1
"Thaumic Additions: Reconstructed","thaumadditions:mithminite_scythe","EntityMithminiteScythe",3
"Thaumic Augmentation","thaumicaugmentation:autocaster","EntityAutocaster",4
"Thaumic Augmentation","thaumicaugmentation:autocaster_eldritch","EntityAutocasterEldritch",5
"Thaumic Augmentation","thaumicaugmentation:celestial_observer","EntityCelestialObserver",11
"Thaumic Augmentation","thaumicaugmentation:dimensional_fracture","EntityDimensionalFracture",0
"Thaumic Augmentation","thaumicaugmentation:eldritch_golem","EntityTAEldritchGolem",9
"Thaumic Augmentation","thaumicaugmentation:eldritch_guardian","EntityTAEldritchGuardian",6
"Thaumic Augmentation","thaumicaugmentation:eldritch_warden","EntityTAEldritchWarden",7
"Thaumic Augmentation","thaumicaugmentation:golem_orb","EntityTAGolemOrb",10
"Thaumic Augmentation","thaumicaugmentation:item_important","EntityItemImportant",12
"Thaumic Augmentation","thaumicaugmentation:item_indestructible","EntityItemIndestructible",2
"Thaumic Augmentation","thaumicaugmentation:item_rift_jar","EntityItemBlockRiftJar",1
"Thaumic Augmentation","thaumicaugmentation:primal_wisp","EntityPrimalWisp",8
"Thaumic Augmentation","thaumicaugmentation:shield_focus","EntityFocusShield",3
"The Twilight Forest","twilightforest:adherent","EntityTFAdherent",56
"The Twilight Forest","twilightforest:armored_giant","EntityTFArmoredGiant",53
"The Twilight Forest","twilightforest:bighorn_sheep","EntityTFBighorn",1
"The Twilight Forest","twilightforest:blockchain_goblin","EntityTFBlockGoblin",39
"The Twilight Forest","twilightforest:boggard","EntityTFBoggard",78
"The Twilight Forest","twilightforest:bunny","EntityTFBunny",17
"The Twilight Forest","twilightforest:castle_guardian","EntityTFCastleGuardian",58
"The Twilight Forest","twilightforest:chain_block","EntityTFChainBlock",75
"The Twilight Forest","twilightforest:charm_effect","EntityTFCharmEffect",68
"The Twilight Forest","twilightforest:cube_of_annihilation","EntityTFCubeOfAnnihilation",76
"The Twilight Forest","twilightforest:death_tome","EntityTFDeathTome",22
"The Twilight Forest","twilightforest:deer","EntityTFDeer",2
"The Twilight Forest","twilightforest:falling_ice","EntityTFFallingIce",70
"The Twilight Forest","twilightforest:fire_beetle","EntityTFFireBeetle",25
"The Twilight Forest","twilightforest:firefly","EntityTFMobileFirefly",32
"The Twilight Forest","twilightforest:giant_miner","EntityTFGiantMiner",52
"The Twilight Forest","twilightforest:goblin_knight_lower","EntityTFGoblinKnightLower",41
"The Twilight Forest","twilightforest:goblin_knight_upper","EntityTFGoblinKnightUpper",40
"The Twilight Forest","twilightforest:harbinger_cube","EntityTFHarbingerCube",55
"The Twilight Forest","twilightforest:hedge_spider","EntityTFHedgeSpider",9
"The Twilight Forest","twilightforest:helmet_crab","EntityTFHelmetCrab",42
"The Twilight Forest","twilightforest:hostile_wolf","EntityTFHostileWolf",7
"The Twilight Forest","twilightforest:hydra","EntityTFHydra",10
"The Twilight Forest","twilightforest:hydra_head","EntityTFHydraHead",59
"The Twilight Forest","twilightforest:hydra_mortar","EntityTFHydraMortar",64
"The Twilight Forest","twilightforest:ice_arrow","EntityIceArrow",73
"The Twilight Forest","twilightforest:ice_crystal","EntityTFIceCrystal",54
"The Twilight Forest","twilightforest:ice_snowball","EntityTFIceSnowball",74
"The Twilight Forest","twilightforest:king_spider","EntityTFKingSpider",31
"The Twilight Forest","twilightforest:knight_phantom","EntityTFKnightPhantom",43
"The Twilight Forest","twilightforest:kobold","EntityTFKobold",20
"The Twilight Forest","twilightforest:lich","EntityTFLich",11
"The Twilight Forest","twilightforest:lich_bolt","EntityTFLichBolt",61
"The Twilight Forest","twilightforest:lich_bomb","EntityTFLichBomb",65
"The Twilight Forest","twilightforest:lich_minion","EntityTFLichMinion",13
"The Twilight Forest","twilightforest:loyal_zombie","EntityTFLoyalZombie",14
"The Twilight Forest","twilightforest:maze_slime","EntityTFMazeSlime",28
"The Twilight Forest","twilightforest:mini_ghast","EntityTFMiniGhast",33
"The Twilight Forest","twilightforest:minoshroom","EntityTFMinoshroom",24
"The Twilight Forest","twilightforest:minotaur","EntityTFMinotaur",23
"The Twilight Forest","twilightforest:mist_wolf","EntityTFMistWolf",30
"The Twilight Forest","twilightforest:moonworm_shot","EntityTFMoonwormShot",66
"The Twilight Forest","twilightforest:mosquito_swarm","EntityTFMosquitoSwarm",21
"The Twilight Forest","twilightforest:naga","EntityTFNaga",5
"The Twilight Forest","twilightforest:nature_bolt","EntityTFNatureBolt",60
"The Twilight Forest","twilightforest:penguin","EntityTFPenguin",12
"The Twilight Forest","twilightforest:pinch_beetle","EntityTFPinchBeetle",27
"The Twilight Forest","twilightforest:quest_ram","EntityTFQuestRam",19
"The Twilight Forest","twilightforest:raven","EntityTFRaven",18
"The Twilight Forest","twilightforest:redcap","EntityTFRedcap",3
"The Twilight Forest","twilightforest:redcap_sapper","EntityTFRedcapSapper",29
"The Twilight Forest","twilightforest:rising_zombie","EntityTFRisingZombie",79
"The Twilight Forest","twilightforest:roving_cube","EntityTFRovingCube",57
"The Twilight Forest","twilightforest:seeker_arrow","EntitySeekerArrow",72
"The Twilight Forest","twilightforest:skeleton_druid","EntityTFSkeletonDruid",6
"The Twilight Forest","twilightforest:slider","EntityTFSlideBlock",77
"The Twilight Forest","twilightforest:slime_beetle","EntityTFSlimeBeetle",26
"The Twilight Forest","twilightforest:slime_blob","EntityTFSlimeProjectile",67
"The Twilight Forest","twilightforest:snow_guardian","EntityTFSnowGuardian",47
"The Twilight Forest","twilightforest:snow_queen","EntityTFSnowQueen",50
"The Twilight Forest","twilightforest:squirrel","EntityTFSquirrel",16
"The Twilight Forest","twilightforest:stable_ice_core","EntityTFIceShooter",48
"The Twilight Forest","twilightforest:swarm_spider","EntityTFSwarmSpider",4
"The Twilight Forest","twilightforest:thrown_ice","EntityTFIceBomb",71
"The Twilight Forest","twilightforest:thrown_wep","EntityTFThrownWep",69
"The Twilight Forest","twilightforest:tiny_bird","EntityTFTinyBird",15
"The Twilight Forest","twilightforest:tome_bolt","EntityTFTomeBolt",63
"The Twilight Forest","twilightforest:tower_broodling","EntityTFTowerBroodling",37
"The Twilight Forest","twilightforest:tower_ghast","EntityTFTowerGhast",34
"The Twilight Forest","twilightforest:tower_golem","EntityTFTowerGolem",35
"The Twilight Forest","twilightforest:tower_termite","EntityTFTowerTermite",36
"The Twilight Forest","twilightforest:troll","EntityTFTroll",51
"The Twilight Forest","twilightforest:unstable_ice_core","EntityTFIceExploder",49
"The Twilight Forest","twilightforest:ur_ghast","EntityTFUrGhast",38
"The Twilight Forest","twilightforest:wand_bolt","EntityTFTwilightWandBolt",62
"The Twilight Forest","twilightforest:wild_boar","EntityTFBoar",0
"The Twilight Forest","twilightforest:winter_wolf","EntityTFWinterWolf",46
"The Twilight Forest","twilightforest:wraith","EntityTFWraith",8
"The Twilight Forest","twilightforest:yeti","EntityTFYeti",44
"The Twilight Forest","twilightforest:yeti_alpha","EntityTFYetiAlpha",45
"Thermal Dynamics","thermaldynamics:transport","EntityTransport",0
"Thermal Expansion","thermalexpansion:florb","EntityFlorb",0
"Thermal Expansion","thermalexpansion:morb","EntityMorb",1
"Thermal Foundation","thermalfoundation:basalz","EntityBasalz",2
"Thermal Foundation","thermalfoundation:basalz_bolt","EntityBasalzBolt",5
"Thermal Foundation","thermalfoundation:blitz","EntityBlitz",1
"Thermal Foundation","thermalfoundation:blitz_bolt","EntityBlitzBolt",4
"Thermal Foundation","thermalfoundation:blizz","EntityBlizz",0
"Thermal Foundation","thermalfoundation:blizz_bolt","EntityBlizzBolt",3
"Tinkers' Construct","tconstruct:arrow","EntityArrow",10
"Tinkers' Construct","tconstruct:blueslime","EntityBlueSlime",1
"Tinkers' Construct","tconstruct:bolt","EntityBolt",11
"Tinkers' Construct","tconstruct:fancy_frame","EntityFancyItemFrame",2
"Tinkers' Construct","tconstruct:indestructible","IndestructibleEntityItem",0
"Tinkers' Construct","tconstruct:shuriken","EntityShuriken",12
"Tinkers' Construct","tconstruct:throwball","EntityThrowball",3
"Tinkers' Evolution","tconevo:magic_missile","EntityMagicMissile",0
"p455w0rd's Library","p455w0rdslib:sitting_entity","EntitySittableBlock",0
