"Registry name","ID","Effects"
"cofhcore:absorption",221,"PotionEffect:{Potion:[reg:minecraft:absorption,name:effect.absorption,isBad:false,isBeneficial:true],amplifier:0,duration:3600,isSplashPotion:false,isAmbient:false}"
"cofhcore:absorption+",222,"PotionEffect:{Potion:[reg:minecraft:absorption,name:effect.absorption,isBad:false,isBeneficial:true],amplifier:0,duration:9600,isSplashPotion:false,isAmbient:false}"
"cofhcore:absorption2",223,"PotionEffect:{Potion:[reg:minecraft:absorption,name:effect.absorption,isBad:false,isBeneficial:true],amplifier:1,duration:1800,isSplashPotion:false,isAmbient:false}"
"cofhcore:absorption2+",273,"PotionEffect:{Potion:[reg:minecraft:absorption,name:effect.absorption,isBad:false,isBeneficial:true],amplifier:1,duration:3200,isSplashPotion:false,isAmbient:false}"
"cofhcore:absorption3",251,"PotionEffect:{Potion:[reg:minecraft:absorption,name:effect.absorption,isBad:false,isBeneficial:true],amplifier:2,duration:900,isSplashPotion:false,isAmbient:false}"
"cofhcore:absorption3+",274,"PotionEffect:{Potion:[reg:minecraft:absorption,name:effect.absorption,isBad:false,isBeneficial:true],amplifier:2,duration:2400,isSplashPotion:false,isAmbient:false}"
"cofhcore:absorption4",252,"PotionEffect:{Potion:[reg:minecraft:absorption,name:effect.absorption,isBad:false,isBeneficial:true],amplifier:3,duration:720,isSplashPotion:false,isAmbient:false}"
"cofhcore:harming3",239,"PotionEffect:{Potion:[reg:minecraft:instant_damage,name:effect.harm,isBad:true,isBeneficial:true],amplifier:2,duration:1,isSplashPotion:false,isAmbient:false}"
"cofhcore:harming4",240,"PotionEffect:{Potion:[reg:minecraft:instant_damage,name:effect.harm,isBad:true,isBeneficial:true],amplifier:3,duration:1,isSplashPotion:false,isAmbient:false}"
"cofhcore:haste",213,"PotionEffect:{Potion:[reg:minecraft:haste,name:effect.digSpeed,isBad:false,isBeneficial:true],amplifier:0,duration:3600,isSplashPotion:false,isAmbient:false}"
"cofhcore:haste+",214,"PotionEffect:{Potion:[reg:minecraft:haste,name:effect.digSpeed,isBad:false,isBeneficial:true],amplifier:0,duration:9600,isSplashPotion:false,isAmbient:false}"
"cofhcore:haste2",215,"PotionEffect:{Potion:[reg:minecraft:haste,name:effect.digSpeed,isBad:false,isBeneficial:true],amplifier:1,duration:1800,isSplashPotion:false,isAmbient:false}"
"cofhcore:haste2+",269,"PotionEffect:{Potion:[reg:minecraft:haste,name:effect.digSpeed,isBad:false,isBeneficial:true],amplifier:1,duration:3200,isSplashPotion:false,isAmbient:false}"
"cofhcore:haste3",247,"PotionEffect:{Potion:[reg:minecraft:haste,name:effect.digSpeed,isBad:false,isBeneficial:true],amplifier:2,duration:900,isSplashPotion:false,isAmbient:false}"
"cofhcore:haste3+",270,"PotionEffect:{Potion:[reg:minecraft:haste,name:effect.digSpeed,isBad:false,isBeneficial:true],amplifier:2,duration:2400,isSplashPotion:false,isAmbient:false}"
"cofhcore:haste4",248,"PotionEffect:{Potion:[reg:minecraft:haste,name:effect.digSpeed,isBad:false,isBeneficial:true],amplifier:3,duration:720,isSplashPotion:false,isAmbient:false}"
"cofhcore:healing3",237,"PotionEffect:{Potion:[reg:minecraft:instant_health,name:effect.heal,isBad:false,isBeneficial:true],amplifier:2,duration:1,isSplashPotion:false,isAmbient:false}"
"cofhcore:healing4",238,"PotionEffect:{Potion:[reg:minecraft:instant_health,name:effect.heal,isBad:false,isBeneficial:true],amplifier:3,duration:1,isSplashPotion:false,isAmbient:false}"
"cofhcore:leaping2+",259,"PotionEffect:{Potion:[reg:minecraft:jump_boost,name:effect.jump,isBad:false,isBeneficial:true],amplifier:1,duration:3200,isSplashPotion:false,isAmbient:false}"
"cofhcore:leaping3",233,"PotionEffect:{Potion:[reg:minecraft:jump_boost,name:effect.jump,isBad:false,isBeneficial:true],amplifier:2,duration:900,isSplashPotion:false,isAmbient:false}"
"cofhcore:leaping3+",260,"PotionEffect:{Potion:[reg:minecraft:jump_boost,name:effect.jump,isBad:false,isBeneficial:true],amplifier:2,duration:2400,isSplashPotion:false,isAmbient:false}"
"cofhcore:leaping4",234,"PotionEffect:{Potion:[reg:minecraft:jump_boost,name:effect.jump,isBad:false,isBeneficial:true],amplifier:3,duration:720,isSplashPotion:false,isAmbient:false}"
"cofhcore:levitation",219,"PotionEffect:{Potion:[reg:minecraft:levitation,name:effect.levitation,isBad:true,isBeneficial:false],amplifier:0,duration:3600,isSplashPotion:false,isAmbient:false}"
"cofhcore:levitation+",220,"PotionEffect:{Potion:[reg:minecraft:levitation,name:effect.levitation,isBad:true,isBeneficial:false],amplifier:0,duration:9600,isSplashPotion:false,isAmbient:false}"
"cofhcore:luck",224,"PotionEffect:{Potion:[reg:minecraft:luck,name:effect.luck,isBad:false,isBeneficial:true],amplifier:0,duration:3600,isSplashPotion:false,isAmbient:false}"
"cofhcore:luck+",225,"PotionEffect:{Potion:[reg:minecraft:luck,name:effect.luck,isBad:false,isBeneficial:true],amplifier:0,duration:9600,isSplashPotion:false,isAmbient:false}"
"cofhcore:luck2",226,"PotionEffect:{Potion:[reg:minecraft:luck,name:effect.luck,isBad:false,isBeneficial:true],amplifier:1,duration:1800,isSplashPotion:false,isAmbient:false}"
"cofhcore:luck2+",275,"PotionEffect:{Potion:[reg:minecraft:luck,name:effect.luck,isBad:false,isBeneficial:true],amplifier:1,duration:3200,isSplashPotion:false,isAmbient:false}"
"cofhcore:luck3",253,"PotionEffect:{Potion:[reg:minecraft:luck,name:effect.luck,isBad:false,isBeneficial:true],amplifier:2,duration:900,isSplashPotion:false,isAmbient:false}"
"cofhcore:luck3+",276,"PotionEffect:{Potion:[reg:minecraft:luck,name:effect.luck,isBad:false,isBeneficial:true],amplifier:2,duration:2400,isSplashPotion:false,isAmbient:false}"
"cofhcore:luck4",254,"PotionEffect:{Potion:[reg:minecraft:luck,name:effect.luck,isBad:false,isBeneficial:true],amplifier:3,duration:720,isSplashPotion:false,isAmbient:false}"
"cofhcore:poison2+",263,"PotionEffect:{Potion:[reg:minecraft:poison,name:effect.poison,isBad:true,isBeneficial:false],amplifier:1,duration:600,isSplashPotion:false,isAmbient:false}"
"cofhcore:poison3",241,"PotionEffect:{Potion:[reg:minecraft:poison,name:effect.poison,isBad:true,isBeneficial:false],amplifier:2,duration:225,isSplashPotion:false,isAmbient:false}"
"cofhcore:poison3+",264,"PotionEffect:{Potion:[reg:minecraft:poison,name:effect.poison,isBad:true,isBeneficial:false],amplifier:2,duration:450,isSplashPotion:false,isAmbient:false}"
"cofhcore:poison4",242,"PotionEffect:{Potion:[reg:minecraft:poison,name:effect.poison,isBad:true,isBeneficial:false],amplifier:3,duration:180,isSplashPotion:false,isAmbient:false}"
"cofhcore:regeneration2+",265,"PotionEffect:{Potion:[reg:minecraft:regeneration,name:effect.regeneration,isBad:false,isBeneficial:true],amplifier:1,duration:600,isSplashPotion:false,isAmbient:false}"
"cofhcore:regeneration3",243,"PotionEffect:{Potion:[reg:minecraft:regeneration,name:effect.regeneration,isBad:false,isBeneficial:true],amplifier:2,duration:225,isSplashPotion:false,isAmbient:false}"
"cofhcore:regeneration3+",266,"PotionEffect:{Potion:[reg:minecraft:regeneration,name:effect.regeneration,isBad:false,isBeneficial:true],amplifier:2,duration:450,isSplashPotion:false,isAmbient:false}"
"cofhcore:regeneration4",244,"PotionEffect:{Potion:[reg:minecraft:regeneration,name:effect.regeneration,isBad:false,isBeneficial:true],amplifier:3,duration:180,isSplashPotion:false,isAmbient:false}"
"cofhcore:resistance",216,"PotionEffect:{Potion:[reg:minecraft:resistance,name:effect.resistance,isBad:false,isBeneficial:true],amplifier:0,duration:3600,isSplashPotion:false,isAmbient:false}"
"cofhcore:resistance+",217,"PotionEffect:{Potion:[reg:minecraft:resistance,name:effect.resistance,isBad:false,isBeneficial:true],amplifier:0,duration:9600,isSplashPotion:false,isAmbient:false}"
"cofhcore:resistance2",218,"PotionEffect:{Potion:[reg:minecraft:resistance,name:effect.resistance,isBad:false,isBeneficial:true],amplifier:1,duration:1800,isSplashPotion:false,isAmbient:false}"
"cofhcore:resistance2+",271,"PotionEffect:{Potion:[reg:minecraft:resistance,name:effect.resistance,isBad:false,isBeneficial:true],amplifier:1,duration:3200,isSplashPotion:false,isAmbient:false}"
"cofhcore:resistance3",249,"PotionEffect:{Potion:[reg:minecraft:resistance,name:effect.resistance,isBad:false,isBeneficial:true],amplifier:2,duration:900,isSplashPotion:false,isAmbient:false}"
"cofhcore:resistance3+",272,"PotionEffect:{Potion:[reg:minecraft:resistance,name:effect.resistance,isBad:false,isBeneficial:true],amplifier:2,duration:2400,isSplashPotion:false,isAmbient:false}"
"cofhcore:resistance4",250,"PotionEffect:{Potion:[reg:minecraft:resistance,name:effect.resistance,isBad:false,isBeneficial:true],amplifier:3,duration:720,isSplashPotion:false,isAmbient:false}"
"cofhcore:strength2+",267,"PotionEffect:{Potion:[reg:minecraft:strength,name:effect.damageBoost,isBad:false,isBeneficial:true],amplifier:1,duration:3200,isSplashPotion:false,isAmbient:false}"
"cofhcore:strength3",245,"PotionEffect:{Potion:[reg:minecraft:strength,name:effect.damageBoost,isBad:false,isBeneficial:true],amplifier:2,duration:900,isSplashPotion:false,isAmbient:false}"
"cofhcore:strength3+",268,"PotionEffect:{Potion:[reg:minecraft:strength,name:effect.damageBoost,isBad:false,isBeneficial:true],amplifier:2,duration:2400,isSplashPotion:false,isAmbient:false}"
"cofhcore:strength4",246,"PotionEffect:{Potion:[reg:minecraft:strength,name:effect.damageBoost,isBad:false,isBeneficial:true],amplifier:3,duration:720,isSplashPotion:false,isAmbient:false}"
"cofhcore:swiftness2+",261,"PotionEffect:{Potion:[reg:minecraft:speed,name:effect.moveSpeed,isBad:false,isBeneficial:true],amplifier:1,duration:3200,isSplashPotion:false,isAmbient:false}"
"cofhcore:swiftness3",235,"PotionEffect:{Potion:[reg:minecraft:speed,name:effect.moveSpeed,isBad:false,isBeneficial:true],amplifier:2,duration:900,isSplashPotion:false,isAmbient:false}"
"cofhcore:swiftness3+",262,"PotionEffect:{Potion:[reg:minecraft:speed,name:effect.moveSpeed,isBad:false,isBeneficial:true],amplifier:2,duration:2400,isSplashPotion:false,isAmbient:false}"
"cofhcore:swiftness4",236,"PotionEffect:{Potion:[reg:minecraft:speed,name:effect.moveSpeed,isBad:false,isBeneficial:true],amplifier:3,duration:720,isSplashPotion:false,isAmbient:false}"
"cofhcore:unluck",227,"PotionEffect:{Potion:[reg:minecraft:unluck,name:effect.unluck,isBad:true,isBeneficial:false],amplifier:0,duration:1800,isSplashPotion:false,isAmbient:false}"
"cofhcore:unluck+",228,"PotionEffect:{Potion:[reg:minecraft:unluck,name:effect.unluck,isBad:true,isBeneficial:false],amplifier:0,duration:4800,isSplashPotion:false,isAmbient:false}"
"cofhcore:unluck2",229,"PotionEffect:{Potion:[reg:minecraft:unluck,name:effect.unluck,isBad:true,isBeneficial:false],amplifier:1,duration:900,isSplashPotion:false,isAmbient:false}"
"cofhcore:unluck2+",277,"PotionEffect:{Potion:[reg:minecraft:unluck,name:effect.unluck,isBad:true,isBeneficial:false],amplifier:1,duration:1600,isSplashPotion:false,isAmbient:false}"
"cofhcore:unluck3",255,"PotionEffect:{Potion:[reg:minecraft:unluck,name:effect.unluck,isBad:true,isBeneficial:false],amplifier:2,duration:450,isSplashPotion:false,isAmbient:false}"
"cofhcore:unluck3+",278,"PotionEffect:{Potion:[reg:minecraft:unluck,name:effect.unluck,isBad:true,isBeneficial:false],amplifier:2,duration:1200,isSplashPotion:false,isAmbient:false}"
"cofhcore:unluck4",256,"PotionEffect:{Potion:[reg:minecraft:unluck,name:effect.unluck,isBad:true,isBeneficial:false],amplifier:3,duration:360,isSplashPotion:false,isAmbient:false}"
"cofhcore:wither",230,"PotionEffect:{Potion:[reg:minecraft:wither,name:effect.wither,isBad:true,isBeneficial:false],amplifier:0,duration:900,isSplashPotion:false,isAmbient:false}"
"cofhcore:wither+",231,"PotionEffect:{Potion:[reg:minecraft:wither,name:effect.wither,isBad:true,isBeneficial:false],amplifier:0,duration:1800,isSplashPotion:false,isAmbient:false}"
"cofhcore:wither2",232,"PotionEffect:{Potion:[reg:minecraft:wither,name:effect.wither,isBad:true,isBeneficial:false],amplifier:1,duration:450,isSplashPotion:false,isAmbient:false}"
"cofhcore:wither2+",279,"PotionEffect:{Potion:[reg:minecraft:wither,name:effect.wither,isBad:true,isBeneficial:false],amplifier:1,duration:600,isSplashPotion:false,isAmbient:false}"
"cofhcore:wither3",257,"PotionEffect:{Potion:[reg:minecraft:wither,name:effect.wither,isBad:true,isBeneficial:false],amplifier:2,duration:225,isSplashPotion:false,isAmbient:false}"
"cofhcore:wither3+",280,"PotionEffect:{Potion:[reg:minecraft:wither,name:effect.wither,isBad:true,isBeneficial:false],amplifier:2,duration:450,isSplashPotion:false,isAmbient:false}"
"cofhcore:wither4",258,"PotionEffect:{Potion:[reg:minecraft:wither,name:effect.wither,isBad:true,isBeneficial:false],amplifier:3,duration:180,isSplashPotion:false,isAmbient:false}"
"cyclicmagic:blindness",300,"PotionEffect:{Potion:[reg:minecraft:blindness,name:effect.blindness,isBad:true,isBeneficial:false],amplifier:0,duration:3600,isSplashPotion:false,isAmbient:false}"
"cyclicmagic:bounce",289,"PotionEffect:{Potion:[reg:cyclicmagic:potion.bounce,name:potion.bounce,isBad:false,isBeneficial:false],amplifier:0,duration:3600,isSplashPotion:false,isAmbient:false}"
"cyclicmagic:butter",283,"PotionEffect:{Potion:[reg:cyclicmagic:potion.butter,name:potion.butter,isBad:false,isBeneficial:false],amplifier:0,duration:3600,isSplashPotion:false,isAmbient:false}"
"cyclicmagic:butter2",284,"PotionEffect:{Potion:[reg:cyclicmagic:potion.butter,name:potion.butter,isBad:false,isBeneficial:false],amplifier:1,duration:1800,isSplashPotion:false,isAmbient:false}"
"cyclicmagic:ender",281,"PotionEffect:{Potion:[reg:cyclicmagic:potion.ender,name:potion.ender,isBad:false,isBeneficial:false],amplifier:0,duration:3600,isSplashPotion:false,isAmbient:false}"
"cyclicmagic:frostwalker",290,"PotionEffect:{Potion:[reg:cyclicmagic:potion.frostwalker,name:potion.frostwalker,isBad:false,isBeneficial:false],amplifier:0,duration:3600,isSplashPotion:false,isAmbient:false}"
"cyclicmagic:haste",293,"PotionEffect:{Potion:[reg:minecraft:haste,name:effect.digSpeed,isBad:false,isBeneficial:true],amplifier:0,duration:3600,isSplashPotion:false,isAmbient:false}"
"cyclicmagic:haste2",294,"PotionEffect:{Potion:[reg:minecraft:haste,name:effect.digSpeed,isBad:false,isBeneficial:true],amplifier:1,duration:1800,isSplashPotion:false,isAmbient:false}"
"cyclicmagic:healthboost",297,"PotionEffect:{Potion:[reg:minecraft:health_boost,name:effect.healthBoost,isBad:false,isBeneficial:true],amplifier:4,duration:3600,isSplashPotion:false,isAmbient:false}"
"cyclicmagic:hunger",302,"PotionEffect:{Potion:[reg:minecraft:hunger,name:effect.hunger,isBad:true,isBeneficial:false],amplifier:0,duration:3600,isSplashPotion:false,isAmbient:false}"
"cyclicmagic:levitation",292,"PotionEffect:{Potion:[reg:minecraft:levitation,name:effect.levitation,isBad:true,isBeneficial:false],amplifier:0,duration:3600,isSplashPotion:false,isAmbient:false}"
"cyclicmagic:luck",298,"PotionEffect:{Potion:[reg:minecraft:luck,name:effect.luck,isBad:false,isBeneficial:true],amplifier:0,duration:3600,isSplashPotion:false,isAmbient:false}"
"cyclicmagic:magnet",291,"PotionEffect:{Potion:[reg:cyclicmagic:potion.magnet,name:potion.magnet,isBad:false,isBeneficial:false],amplifier:0,duration:3600,isSplashPotion:false,isAmbient:false}"
"cyclicmagic:resistance",295,"PotionEffect:{Potion:[reg:minecraft:resistance,name:effect.resistance,isBad:false,isBeneficial:true],amplifier:0,duration:3600,isSplashPotion:false,isAmbient:false}"
"cyclicmagic:resistance2",296,"PotionEffect:{Potion:[reg:minecraft:resistance,name:effect.resistance,isBad:false,isBeneficial:true],amplifier:1,duration:1800,isSplashPotion:false,isAmbient:false}"
"cyclicmagic:saturation",301,"PotionEffect:{Potion:[reg:cyclicmagic:potion.saturation,name:potion.saturation,isBad:false,isBeneficial:false],amplifier:0,duration:3600,isSplashPotion:false,isAmbient:false}"
"cyclicmagic:slowfall",285,"PotionEffect:{Potion:[reg:cyclicmagic:potion.slowfall,name:potion.slowfall,isBad:false,isBeneficial:false],amplifier:0,duration:3600,isSplashPotion:false,isAmbient:false}"
"cyclicmagic:snow",282,"PotionEffect:{Potion:[reg:cyclicmagic:potion.snow,name:potion.snow,isBad:false,isBeneficial:false],amplifier:0,duration:3600,isSplashPotion:false,isAmbient:false}"
"cyclicmagic:swim",287,"PotionEffect:{Potion:[reg:cyclicmagic:potion.swimspeed,name:potion.swimspeed,isBad:false,isBeneficial:false],amplifier:0,duration:3600,isSplashPotion:false,isAmbient:false}"
"cyclicmagic:swim2",288,"PotionEffect:{Potion:[reg:cyclicmagic:potion.swimspeed,name:potion.swimspeed,isBad:false,isBeneficial:false],amplifier:1,duration:1800,isSplashPotion:false,isAmbient:false}"
"cyclicmagic:waterwalk",286,"PotionEffect:{Potion:[reg:cyclicmagic:potion.waterwalk,name:potion.waterwalk,isBad:false,isBeneficial:false],amplifier:0,duration:3600,isSplashPotion:false,isAmbient:false}"
"cyclicmagic:wither",299,"PotionEffect:{Potion:[reg:minecraft:wither,name:effect.wither,isBad:true,isBeneficial:false],amplifier:0,duration:3600,isSplashPotion:false,isAmbient:false}"
"enderio:confusion",60,"PotionEffect:{Potion:[reg:minecraft:nausea,name:effect.confusion,isBad:true,isBeneficial:false],amplifier:0,duration:900,isSplashPotion:false,isAmbient:false}"
"enderio:floating",64,"PotionEffect:{Potion:[reg:minecraft:levitation,name:effect.levitation,isBad:true,isBeneficial:false],amplifier:0,duration:140,isSplashPotion:false,isAmbient:false}"
"enderio:long_confusion",61,"PotionEffect:{Potion:[reg:minecraft:nausea,name:effect.confusion,isBad:true,isBeneficial:false],amplifier:0,duration:2400,isSplashPotion:false,isAmbient:false}"
"enderio:long_floating",66,"PotionEffect:{Potion:[reg:minecraft:levitation,name:effect.levitation,isBad:true,isBeneficial:false],amplifier:0,duration:560,isSplashPotion:false,isAmbient:false}"
"enderio:long_withering",63,"PotionEffect:{Potion:[reg:minecraft:wither,name:effect.wither,isBad:true,isBeneficial:false],amplifier:0,duration:2400,isSplashPotion:false,isAmbient:false}"
"enderio:strong_floating",65,"PotionEffect:{Potion:[reg:minecraft:levitation,name:effect.levitation,isBad:true,isBeneficial:false],amplifier:2,duration:140,isSplashPotion:false,isAmbient:false}"
"enderio:withering",62,"PotionEffect:{Potion:[reg:minecraft:wither,name:effect.wither,isBad:true,isBeneficial:false],amplifier:0,duration:900,isSplashPotion:false,isAmbient:false}"
"extrautils2:oily",308,""
"extrautils2:xu2.doom",303,"PotionEffect:{Potion:[reg:extrautils2:effect.xu2.doom,name:effect.xu2.doom,isBad:true,isBeneficial:false],amplifier:0,duration:1200,isSplashPotion:false,isAmbient:false}"
"extrautils2:xu2.fizzy.lifting",309,"PotionEffect:{Potion:[reg:extrautils2:effect.xu2.fizzy.lifting,name:effect.xu2.fizzy.lifting,isBad:true,isBeneficial:false],amplifier:0,duration:600,isSplashPotion:false,isAmbient:false}"
"extrautils2:xu2.gravity",304,"PotionEffect:{Potion:[reg:extrautils2:effect.xu2.gravity,name:effect.xu2.gravity,isBad:true,isBeneficial:false],amplifier:0,duration:1200,isSplashPotion:false,isAmbient:false}"
"extrautils2:xu2.gravity.long",305,"PotionEffect:{Potion:[reg:extrautils2:effect.xu2.gravity,name:effect.xu2.gravity,isBad:true,isBeneficial:false],amplifier:0,duration:9600,isSplashPotion:false,isAmbient:false}"
"extrautils2:xu2.greek.fire",307,"PotionEffect:{Potion:[reg:extrautils2:effect.xu2.greek.fire,name:effect.xu2.greek.fire,isBad:true,isBeneficial:false],amplifier:0,duration:2400,isSplashPotion:false,isAmbient:false}"
"extrautils2:xu2.love",311,"PotionEffect:{Potion:[reg:extrautils2:effect.xu2.love,name:effect.xu2.love,isBad:false,isBeneficial:false],amplifier:0,duration:200,isSplashPotion:false,isAmbient:false}"
"extrautils2:xu2.purging",312,"PotionEffect:{Potion:[reg:extrautils2:effect.xu2.purging,name:effect.xu2.purging,isBad:true,isBeneficial:false],amplifier:0,duration:0,isSplashPotion:false,isAmbient:false}"
"extrautils2:xu2.relapse",310,"PotionEffect:{Potion:[reg:extrautils2:effect.xu2.relapse,name:effect.xu2.relapse,isBad:false,isBeneficial:false],amplifier:0,duration:9600,isSplashPotion:false,isAmbient:false}"
"extrautils2:xu2.second.chance",306,"PotionEffect:{Potion:[reg:extrautils2:effect.xu2.second.chance,name:effect.xu2.second.chance,isBad:false,isBeneficial:false],amplifier:0,duration:2400,isSplashPotion:false,isAmbient:false}"
"minecraft:awkward",4,""
"minecraft:empty",0,""
"minecraft:fire_resistance",12,"PotionEffect:{Potion:[reg:minecraft:fire_resistance,name:effect.fireResistance,isBad:false,isBeneficial:true],amplifier:0,duration:3600,isSplashPotion:false,isAmbient:false}"
"minecraft:harming",23,"PotionEffect:{Potion:[reg:minecraft:instant_damage,name:effect.harm,isBad:true,isBeneficial:true],amplifier:0,duration:1,isSplashPotion:false,isAmbient:false}"
"minecraft:healing",21,"PotionEffect:{Potion:[reg:minecraft:instant_health,name:effect.heal,isBad:false,isBeneficial:true],amplifier:0,duration:1,isSplashPotion:false,isAmbient:false}"
"minecraft:invisibility",7,"PotionEffect:{Potion:[reg:minecraft:invisibility,name:effect.invisibility,isBad:false,isBeneficial:true],amplifier:0,duration:3600,isSplashPotion:false,isAmbient:false}"
"minecraft:leaping",9,"PotionEffect:{Potion:[reg:minecraft:jump_boost,name:effect.jump,isBad:false,isBeneficial:true],amplifier:0,duration:3600,isSplashPotion:false,isAmbient:false}"
"minecraft:long_fire_resistance",13,"PotionEffect:{Potion:[reg:minecraft:fire_resistance,name:effect.fireResistance,isBad:false,isBeneficial:true],amplifier:0,duration:9600,isSplashPotion:false,isAmbient:false}"
"minecraft:long_invisibility",8,"PotionEffect:{Potion:[reg:minecraft:invisibility,name:effect.invisibility,isBad:false,isBeneficial:true],amplifier:0,duration:9600,isSplashPotion:false,isAmbient:false}"
"minecraft:long_leaping",10,"PotionEffect:{Potion:[reg:minecraft:jump_boost,name:effect.jump,isBad:false,isBeneficial:true],amplifier:0,duration:9600,isSplashPotion:false,isAmbient:false}"
"minecraft:long_night_vision",6,"PotionEffect:{Potion:[reg:minecraft:night_vision,name:effect.nightVision,isBad:false,isBeneficial:true],amplifier:0,duration:9600,isSplashPotion:false,isAmbient:false}"
"minecraft:long_poison",26,"PotionEffect:{Potion:[reg:minecraft:poison,name:effect.poison,isBad:true,isBeneficial:false],amplifier:0,duration:1800,isSplashPotion:false,isAmbient:false}"
"minecraft:long_regeneration",29,"PotionEffect:{Potion:[reg:minecraft:regeneration,name:effect.regeneration,isBad:false,isBeneficial:true],amplifier:0,duration:1800,isSplashPotion:false,isAmbient:false}"
"minecraft:long_slowness",18,"PotionEffect:{Potion:[reg:minecraft:slowness,name:effect.moveSlowdown,isBad:true,isBeneficial:false],amplifier:0,duration:4800,isSplashPotion:false,isAmbient:false}"
"minecraft:long_strength",32,"PotionEffect:{Potion:[reg:minecraft:strength,name:effect.damageBoost,isBad:false,isBeneficial:true],amplifier:0,duration:9600,isSplashPotion:false,isAmbient:false}"
"minecraft:long_swiftness",15,"PotionEffect:{Potion:[reg:minecraft:speed,name:effect.moveSpeed,isBad:false,isBeneficial:true],amplifier:0,duration:9600,isSplashPotion:false,isAmbient:false}"
"minecraft:long_water_breathing",20,"PotionEffect:{Potion:[reg:minecraft:water_breathing,name:effect.waterBreathing,isBad:false,isBeneficial:true],amplifier:0,duration:9600,isSplashPotion:false,isAmbient:false}"
"minecraft:long_weakness",35,"PotionEffect:{Potion:[reg:minecraft:weakness,name:effect.weakness,isBad:true,isBeneficial:false],amplifier:0,duration:4800,isSplashPotion:false,isAmbient:false}"
"minecraft:luck",36,"PotionEffect:{Potion:[reg:minecraft:luck,name:effect.luck,isBad:false,isBeneficial:true],amplifier:0,duration:6000,isSplashPotion:false,isAmbient:false}"
"minecraft:mundane",2,""
"minecraft:night_vision",5,"PotionEffect:{Potion:[reg:minecraft:night_vision,name:effect.nightVision,isBad:false,isBeneficial:true],amplifier:0,duration:3600,isSplashPotion:false,isAmbient:false}"
"minecraft:poison",25,"PotionEffect:{Potion:[reg:minecraft:poison,name:effect.poison,isBad:true,isBeneficial:false],amplifier:0,duration:900,isSplashPotion:false,isAmbient:false}"
"minecraft:regeneration",28,"PotionEffect:{Potion:[reg:minecraft:regeneration,name:effect.regeneration,isBad:false,isBeneficial:true],amplifier:0,duration:900,isSplashPotion:false,isAmbient:false}"
"minecraft:slowness",17,"PotionEffect:{Potion:[reg:minecraft:slowness,name:effect.moveSlowdown,isBad:true,isBeneficial:false],amplifier:0,duration:1800,isSplashPotion:false,isAmbient:false}"
"minecraft:strength",31,"PotionEffect:{Potion:[reg:minecraft:strength,name:effect.damageBoost,isBad:false,isBeneficial:true],amplifier:0,duration:3600,isSplashPotion:false,isAmbient:false}"
"minecraft:strong_harming",24,"PotionEffect:{Potion:[reg:minecraft:instant_damage,name:effect.harm,isBad:true,isBeneficial:true],amplifier:1,duration:1,isSplashPotion:false,isAmbient:false}"
"minecraft:strong_healing",22,"PotionEffect:{Potion:[reg:minecraft:instant_health,name:effect.heal,isBad:false,isBeneficial:true],amplifier:1,duration:1,isSplashPotion:false,isAmbient:false}"
"minecraft:strong_leaping",11,"PotionEffect:{Potion:[reg:minecraft:jump_boost,name:effect.jump,isBad:false,isBeneficial:true],amplifier:1,duration:1800,isSplashPotion:false,isAmbient:false}"
"minecraft:strong_poison",27,"PotionEffect:{Potion:[reg:minecraft:poison,name:effect.poison,isBad:true,isBeneficial:false],amplifier:1,duration:432,isSplashPotion:false,isAmbient:false}"
"minecraft:strong_regeneration",30,"PotionEffect:{Potion:[reg:minecraft:regeneration,name:effect.regeneration,isBad:false,isBeneficial:true],amplifier:1,duration:450,isSplashPotion:false,isAmbient:false}"
"minecraft:strong_strength",33,"PotionEffect:{Potion:[reg:minecraft:strength,name:effect.damageBoost,isBad:false,isBeneficial:true],amplifier:1,duration:1800,isSplashPotion:false,isAmbient:false}"
"minecraft:strong_swiftness",16,"PotionEffect:{Potion:[reg:minecraft:speed,name:effect.moveSpeed,isBad:false,isBeneficial:true],amplifier:1,duration:1800,isSplashPotion:false,isAmbient:false}"
"minecraft:swiftness",14,"PotionEffect:{Potion:[reg:minecraft:speed,name:effect.moveSpeed,isBad:false,isBeneficial:true],amplifier:0,duration:3600,isSplashPotion:false,isAmbient:false}"
"minecraft:thick",3,""
"minecraft:water",1,""
"minecraft:water_breathing",19,"PotionEffect:{Potion:[reg:minecraft:water_breathing,name:effect.waterBreathing,isBad:false,isBeneficial:true],amplifier:0,duration:3600,isSplashPotion:false,isAmbient:false}"
"minecraft:weakness",34,"PotionEffect:{Potion:[reg:minecraft:weakness,name:effect.weakness,isBad:true,isBeneficial:false],amplifier:0,duration:1800,isSplashPotion:false,isAmbient:false}"
"potioncore:absorption",97,"PotionEffect:{Potion:[reg:minecraft:absorption,name:effect.absorption,isBad:false,isBeneficial:true],amplifier:0,duration:3600,isSplashPotion:false,isAmbient:false}"
"potioncore:antidote",201,"PotionEffect:{Potion:[reg:potioncore:antidote,name:effect.antidote,isBad:false,isBeneficial:true],amplifier:0,duration:3600,isSplashPotion:false,isAmbient:false}"
"potioncore:archery",210,"PotionEffect:{Potion:[reg:potioncore:archery,name:effect.archery,isBad:false,isBeneficial:true],amplifier:0,duration:3600,isSplashPotion:false,isAmbient:false}"
"potioncore:bless",190,"PotionEffect:{Potion:[reg:potioncore:bless,name:effect.bless,isBad:false,isBeneficial:true],amplifier:0,duration:1,isSplashPotion:false,isAmbient:false}"
"potioncore:blindness",89,"PotionEffect:{Potion:[reg:minecraft:blindness,name:effect.blindness,isBad:true,isBeneficial:false],amplifier:0,duration:900,isSplashPotion:false,isAmbient:false}"
"potioncore:broken_armor",192,"PotionEffect:{Potion:[reg:potioncore:broken_armor,name:effect.broken_armor,isBad:true,isBeneficial:false],amplifier:0,duration:900,isSplashPotion:false,isAmbient:false}"
"potioncore:broken_magic_shield",127,"PotionEffect:{Potion:[reg:potioncore:broken_magic_shield,name:effect.broken_magic_shield,isBad:true,isBeneficial:false],amplifier:0,duration:900,isSplashPotion:false,isAmbient:false}"
"potioncore:burst",208,"PotionEffect:{Potion:[reg:potioncore:burst,name:effect.burst,isBad:false,isBeneficial:true],amplifier:0,duration:1,isSplashPotion:false,isAmbient:false}"
"potioncore:chance",175,"PotionEffect:{Potion:[reg:potioncore:chance,name:effect.chance,isBad:false,isBeneficial:true],amplifier:0,duration:1,isSplashPotion:false,isAmbient:false}"
"potioncore:climb",155,"PotionEffect:{Potion:[reg:potioncore:climb,name:effect.climb,isBad:false,isBeneficial:true],amplifier:0,duration:3600,isSplashPotion:false,isAmbient:false}"
"potioncore:cure",147,"PotionEffect:{Potion:[reg:potioncore:cure,name:effect.cure,isBad:false,isBeneficial:true],amplifier:0,duration:1,isSplashPotion:false,isAmbient:false}"
"potioncore:curse",206,"PotionEffect:{Potion:[reg:potioncore:curse,name:effect.curse,isBad:true,isBeneficial:false],amplifier:0,duration:1,isSplashPotion:false,isAmbient:false}"
"potioncore:diamond_skin",138,"PotionEffect:{Potion:[reg:potioncore:diamond_skin,name:effect.diamond_skin,isBad:false,isBeneficial:true],amplifier:0,duration:3600,isSplashPotion:false,isAmbient:false}"
"potioncore:disorganization",154,"PotionEffect:{Potion:[reg:potioncore:disorganization,name:effect.disorganization,isBad:true,isBeneficial:false],amplifier:0,duration:1,isSplashPotion:false,isAmbient:false}"
"potioncore:dispel",183,"PotionEffect:{Potion:[reg:potioncore:dispel,name:effect.dispel,isBad:true,isBeneficial:false],amplifier:0,duration:1,isSplashPotion:false,isAmbient:false}"
"potioncore:drown",151,"PotionEffect:{Potion:[reg:potioncore:drown,name:effect.drown,isBad:true,isBeneficial:false],amplifier:0,duration:3600,isSplashPotion:false,isAmbient:false}"
"potioncore:explode",165,"PotionEffect:{Potion:[reg:potioncore:explode,name:effect.explode,isBad:true,isBeneficial:false],amplifier:0,duration:1,isSplashPotion:false,isAmbient:false}"
"potioncore:extension",121,"PotionEffect:{Potion:[reg:potioncore:extension,name:effect.extension,isBad:false,isBeneficial:true],amplifier:0,duration:3600,isSplashPotion:false,isAmbient:false}"
"potioncore:fire",169,"PotionEffect:{Potion:[reg:potioncore:fire,name:effect.fire,isBad:true,isBeneficial:false],amplifier:0,duration:1,isSplashPotion:false,isAmbient:false}"
"potioncore:flight",119,"PotionEffect:{Potion:[reg:potioncore:flight,name:effect.flight,isBad:false,isBeneficial:true],amplifier:0,duration:3600,isSplashPotion:false,isAmbient:false}"
"potioncore:glowing",100,"PotionEffect:{Potion:[reg:minecraft:glowing,name:effect.glowing,isBad:false,isBeneficial:false],amplifier:0,duration:3600,isSplashPotion:false,isAmbient:false}"
"potioncore:haste",102,"PotionEffect:{Potion:[reg:minecraft:haste,name:effect.digSpeed,isBad:false,isBeneficial:true],amplifier:0,duration:3600,isSplashPotion:false,isAmbient:false}"
"potioncore:health_boost",108,"PotionEffect:{Potion:[reg:minecraft:health_boost,name:effect.healthBoost,isBad:false,isBeneficial:true],amplifier:0,duration:3600,isSplashPotion:false,isAmbient:false}"
"potioncore:hunger",86,"PotionEffect:{Potion:[reg:minecraft:hunger,name:effect.hunger,isBad:true,isBeneficial:false],amplifier:0,duration:900,isSplashPotion:false,isAmbient:false}"
"potioncore:invert",177,"PotionEffect:{Potion:[reg:potioncore:invert,name:effect.invert,isBad:true,isBeneficial:false],amplifier:0,duration:1,isSplashPotion:false,isAmbient:false}"
"potioncore:iron_skin",130,"PotionEffect:{Potion:[reg:potioncore:iron_skin,name:effect.iron_skin,isBad:false,isBeneficial:true],amplifier:0,duration:3600,isSplashPotion:false,isAmbient:false}"
"potioncore:klutz",187,"PotionEffect:{Potion:[reg:potioncore:klutz,name:effect.klutz,isBad:true,isBeneficial:false],amplifier:0,duration:3600,isSplashPotion:false,isAmbient:false}"
"potioncore:launch",181,"PotionEffect:{Potion:[reg:potioncore:launch,name:effect.launch,isBad:true,isBeneficial:false],amplifier:0,duration:1,isSplashPotion:false,isAmbient:false}"
"potioncore:levitation",94,"PotionEffect:{Potion:[reg:minecraft:levitation,name:effect.levitation,isBad:true,isBeneficial:false],amplifier:0,duration:600,isSplashPotion:false,isAmbient:false}"
"potioncore:lightning",171,"PotionEffect:{Potion:[reg:potioncore:lightning,name:effect.lightning,isBad:true,isBeneficial:false],amplifier:0,duration:1,isSplashPotion:false,isAmbient:false}"
"potioncore:long_absorption",99,"PotionEffect:{Potion:[reg:minecraft:absorption,name:effect.absorption,isBad:false,isBeneficial:true],amplifier:0,duration:9600,isSplashPotion:false,isAmbient:false}"
"potioncore:long_antidote",202,"PotionEffect:{Potion:[reg:potioncore:antidote,name:effect.antidote,isBad:false,isBeneficial:true],amplifier:0,duration:9600,isSplashPotion:false,isAmbient:false}"
"potioncore:long_archery",212,"PotionEffect:{Potion:[reg:potioncore:archery,name:effect.archery,isBad:false,isBeneficial:true],amplifier:0,duration:9600,isSplashPotion:false,isAmbient:false}"
"potioncore:long_blindness",91,"PotionEffect:{Potion:[reg:minecraft:blindness,name:effect.blindness,isBad:true,isBeneficial:false],amplifier:0,duration:1800,isSplashPotion:false,isAmbient:false}"
"potioncore:long_broken_armor",194,"PotionEffect:{Potion:[reg:potioncore:broken_armor,name:effect.broken_armor,isBad:true,isBeneficial:false],amplifier:0,duration:1800,isSplashPotion:false,isAmbient:false}"
"potioncore:long_broken_magic_shield",129,"PotionEffect:{Potion:[reg:potioncore:broken_magic_shield,name:effect.broken_magic_shield,isBad:true,isBeneficial:false],amplifier:0,duration:1800,isSplashPotion:false,isAmbient:false}"
"potioncore:long_climb",156,"PotionEffect:{Potion:[reg:potioncore:climb,name:effect.climb,isBad:false,isBeneficial:true],amplifier:0,duration:9600,isSplashPotion:false,isAmbient:false}"
"potioncore:long_diamond_skin",140,"PotionEffect:{Potion:[reg:potioncore:diamond_skin,name:effect.diamond_skin,isBad:false,isBeneficial:true],amplifier:0,duration:9600,isSplashPotion:false,isAmbient:false}"
"potioncore:long_drown",152,"PotionEffect:{Potion:[reg:potioncore:drown,name:effect.drown,isBad:true,isBeneficial:false],amplifier:0,duration:9600,isSplashPotion:false,isAmbient:false}"
"potioncore:long_extension",123,"PotionEffect:{Potion:[reg:potioncore:extension,name:effect.extension,isBad:false,isBeneficial:true],amplifier:0,duration:9600,isSplashPotion:false,isAmbient:false}"
"potioncore:long_flight",120,"PotionEffect:{Potion:[reg:potioncore:flight,name:effect.flight,isBad:false,isBeneficial:true],amplifier:0,duration:9600,isSplashPotion:false,isAmbient:false}"
"potioncore:long_glowing",101,"PotionEffect:{Potion:[reg:minecraft:glowing,name:effect.glowing,isBad:false,isBeneficial:false],amplifier:0,duration:9600,isSplashPotion:false,isAmbient:false}"
"potioncore:long_haste",104,"PotionEffect:{Potion:[reg:minecraft:haste,name:effect.digSpeed,isBad:false,isBeneficial:true],amplifier:0,duration:9600,isSplashPotion:false,isAmbient:false}"
"potioncore:long_health_boost",110,"PotionEffect:{Potion:[reg:minecraft:health_boost,name:effect.healthBoost,isBad:false,isBeneficial:true],amplifier:0,duration:9600,isSplashPotion:false,isAmbient:false}"
"potioncore:long_hunger",88,"PotionEffect:{Potion:[reg:minecraft:hunger,name:effect.hunger,isBad:true,isBeneficial:false],amplifier:0,duration:1800,isSplashPotion:false,isAmbient:false}"
"potioncore:long_iron_skin",132,"PotionEffect:{Potion:[reg:potioncore:iron_skin,name:effect.iron_skin,isBad:false,isBeneficial:true],amplifier:0,duration:9600,isSplashPotion:false,isAmbient:false}"
"potioncore:long_klutz",189,"PotionEffect:{Potion:[reg:potioncore:klutz,name:effect.klutz,isBad:true,isBeneficial:false],amplifier:0,duration:9600,isSplashPotion:false,isAmbient:false}"
"potioncore:long_levitation",96,"PotionEffect:{Potion:[reg:minecraft:levitation,name:effect.levitation,isBad:true,isBeneficial:false],amplifier:0,duration:1200,isSplashPotion:false,isAmbient:false}"
"potioncore:long_magic_focus",146,"PotionEffect:{Potion:[reg:potioncore:magic_focus,name:effect.magic_focus,isBad:false,isBeneficial:true],amplifier:0,duration:9600,isSplashPotion:false,isAmbient:false}"
"potioncore:long_magic_inhibition",174,"PotionEffect:{Potion:[reg:potioncore:magic_inhibition,name:effect.magic_inhibition,isBad:true,isBeneficial:false],amplifier:0,duration:9600,isSplashPotion:false,isAmbient:false}"
"potioncore:long_magic_shield",197,"PotionEffect:{Potion:[reg:potioncore:magic_shield,name:effect.magic_shield,isBad:false,isBeneficial:true],amplifier:0,duration:9600,isSplashPotion:false,isAmbient:false}"
"potioncore:long_mining_fatigue",107,"PotionEffect:{Potion:[reg:minecraft:mining_fatigue,name:effect.digSlowDown,isBad:true,isBeneficial:false],amplifier:0,duration:9600,isSplashPotion:false,isAmbient:false}"
"potioncore:long_nausea",93,"PotionEffect:{Potion:[reg:minecraft:nausea,name:effect.confusion,isBad:true,isBeneficial:false],amplifier:0,duration:1800,isSplashPotion:false,isAmbient:false}"
"potioncore:long_perplexity",158,"PotionEffect:{Potion:[reg:potioncore:perplexity,name:effect.perplexity,isBad:true,isBeneficial:false],amplifier:0,duration:9600,isSplashPotion:false,isAmbient:false}"
"potioncore:long_purity",134,"PotionEffect:{Potion:[reg:potioncore:purity,name:effect.purity,isBad:false,isBeneficial:true],amplifier:0,duration:9600,isSplashPotion:false,isAmbient:false}"
"potioncore:long_reach",137,"PotionEffect:{Potion:[reg:potioncore:reach,name:effect.reach,isBad:false,isBeneficial:true],amplifier:0,duration:9600,isSplashPotion:false,isAmbient:false}"
"potioncore:long_recoil",126,"PotionEffect:{Potion:[reg:potioncore:recoil,name:effect.recoil,isBad:false,isBeneficial:true],amplifier:0,duration:9600,isSplashPotion:false,isAmbient:false}"
"potioncore:long_repair",118,"PotionEffect:{Potion:[reg:potioncore:repair,name:effect.repair,isBad:false,isBeneficial:true],amplifier:0,duration:9600,isSplashPotion:false,isAmbient:false}"
"potioncore:long_resistance",113,"PotionEffect:{Potion:[reg:minecraft:resistance,name:effect.resistance,isBad:false,isBeneficial:true],amplifier:0,duration:9600,isSplashPotion:false,isAmbient:false}"
"potioncore:long_revival",186,"PotionEffect:{Potion:[reg:potioncore:revival,name:effect.revival,isBad:false,isBeneficial:true],amplifier:0,duration:9600,isSplashPotion:false,isAmbient:false}"
"potioncore:long_rust",161,"PotionEffect:{Potion:[reg:potioncore:rust,name:effect.rust,isBad:true,isBeneficial:false],amplifier:0,duration:9600,isSplashPotion:false,isAmbient:false}"
"potioncore:long_slow_fall",200,"PotionEffect:{Potion:[reg:potioncore:slow_fall,name:effect.slow_fall,isBad:false,isBeneficial:true],amplifier:0,duration:9600,isSplashPotion:false,isAmbient:false}"
"potioncore:long_solid_core",168,"PotionEffect:{Potion:[reg:potioncore:solid_core,name:effect.solid_core,isBad:false,isBeneficial:true],amplifier:0,duration:9600,isSplashPotion:false,isAmbient:false}"
"potioncore:long_spin",205,"PotionEffect:{Potion:[reg:potioncore:spin,name:effect.spin,isBad:true,isBeneficial:false],amplifier:0,duration:1800,isSplashPotion:false,isAmbient:false}"
"potioncore:long_step_up",150,"PotionEffect:{Potion:[reg:potioncore:step_up,name:effect.step_up,isBad:false,isBeneficial:true],amplifier:0,duration:9600,isSplashPotion:false,isAmbient:false}"
"potioncore:long_vulnerable",164,"PotionEffect:{Potion:[reg:potioncore:vulnerable,name:effect.vulnerable,isBad:true,isBeneficial:false],amplifier:0,duration:9600,isSplashPotion:false,isAmbient:false}"
"potioncore:long_weight",180,"PotionEffect:{Potion:[reg:potioncore:weight,name:effect.weight,isBad:true,isBeneficial:false],amplifier:0,duration:9600,isSplashPotion:false,isAmbient:false}"
"potioncore:long_wither",85,"PotionEffect:{Potion:[reg:minecraft:wither,name:effect.wither,isBad:true,isBeneficial:false],amplifier:0,duration:1800,isSplashPotion:false,isAmbient:false}"
"potioncore:love",115,"PotionEffect:{Potion:[reg:potioncore:love,name:effect.love,isBad:false,isBeneficial:true],amplifier:0,duration:1,isSplashPotion:false,isAmbient:false}"
"potioncore:magic_focus",144,"PotionEffect:{Potion:[reg:potioncore:magic_focus,name:effect.magic_focus,isBad:false,isBeneficial:true],amplifier:0,duration:3600,isSplashPotion:false,isAmbient:false}"
"potioncore:magic_inhibition",172,"PotionEffect:{Potion:[reg:potioncore:magic_inhibition,name:effect.magic_inhibition,isBad:true,isBeneficial:false],amplifier:0,duration:3600,isSplashPotion:false,isAmbient:false}"
"potioncore:magic_shield",195,"PotionEffect:{Potion:[reg:potioncore:magic_shield,name:effect.magic_shield,isBad:false,isBeneficial:true],amplifier:0,duration:3600,isSplashPotion:false,isAmbient:false}"
"potioncore:mining_fatigue",105,"PotionEffect:{Potion:[reg:minecraft:mining_fatigue,name:effect.digSlowDown,isBad:true,isBeneficial:false],amplifier:0,duration:3600,isSplashPotion:false,isAmbient:false}"
"potioncore:nausea",92,"PotionEffect:{Potion:[reg:minecraft:nausea,name:effect.confusion,isBad:true,isBeneficial:false],amplifier:0,duration:900,isSplashPotion:false,isAmbient:false}"
"potioncore:perplexity",157,"PotionEffect:{Potion:[reg:potioncore:perplexity,name:effect.perplexity,isBad:true,isBeneficial:false],amplifier:0,duration:3600,isSplashPotion:false,isAmbient:false}"
"potioncore:purity",133,"PotionEffect:{Potion:[reg:potioncore:purity,name:effect.purity,isBad:false,isBeneficial:true],amplifier:0,duration:3600,isSplashPotion:false,isAmbient:false}"
"potioncore:reach",135,"PotionEffect:{Potion:[reg:potioncore:reach,name:effect.reach,isBad:false,isBeneficial:true],amplifier:0,duration:3600,isSplashPotion:false,isAmbient:false}"
"potioncore:recoil",124,"PotionEffect:{Potion:[reg:potioncore:recoil,name:effect.recoil,isBad:false,isBeneficial:true],amplifier:0,duration:3600,isSplashPotion:false,isAmbient:false}"
"potioncore:repair",116,"PotionEffect:{Potion:[reg:potioncore:repair,name:effect.repair,isBad:false,isBeneficial:true],amplifier:0,duration:3600,isSplashPotion:false,isAmbient:false}"
"potioncore:resistance",111,"PotionEffect:{Potion:[reg:minecraft:resistance,name:effect.resistance,isBad:false,isBeneficial:true],amplifier:0,duration:3600,isSplashPotion:false,isAmbient:false}"
"potioncore:revival",184,"PotionEffect:{Potion:[reg:potioncore:revival,name:effect.revival,isBad:false,isBeneficial:true],amplifier:0,duration:3600,isSplashPotion:false,isAmbient:false}"
"potioncore:rust",159,"PotionEffect:{Potion:[reg:potioncore:rust,name:effect.rust,isBad:true,isBeneficial:false],amplifier:0,duration:3600,isSplashPotion:false,isAmbient:false}"
"potioncore:saturation",81,"PotionEffect:{Potion:[reg:minecraft:saturation,name:effect.saturation,isBad:false,isBeneficial:true],amplifier:3,duration:1,isSplashPotion:false,isAmbient:false}"
"potioncore:slow_fall",198,"PotionEffect:{Potion:[reg:potioncore:slow_fall,name:effect.slow_fall,isBad:false,isBeneficial:true],amplifier:0,duration:3600,isSplashPotion:false,isAmbient:false}"
"potioncore:solid_core",167,"PotionEffect:{Potion:[reg:potioncore:solid_core,name:effect.solid_core,isBad:false,isBeneficial:true],amplifier:0,duration:3600,isSplashPotion:false,isAmbient:false}"
"potioncore:spin",203,"PotionEffect:{Potion:[reg:potioncore:spin,name:effect.spin,isBad:true,isBeneficial:false],amplifier:0,duration:900,isSplashPotion:false,isAmbient:false}"
"potioncore:step_up",148,"PotionEffect:{Potion:[reg:potioncore:step_up,name:effect.step_up,isBad:false,isBeneficial:true],amplifier:0,duration:3600,isSplashPotion:false,isAmbient:false}"
"potioncore:strong_absorption",98,"PotionEffect:{Potion:[reg:minecraft:absorption,name:effect.absorption,isBad:false,isBeneficial:true],amplifier:1,duration:1800,isSplashPotion:false,isAmbient:false}"
"potioncore:strong_archery",211,"PotionEffect:{Potion:[reg:potioncore:archery,name:effect.archery,isBad:false,isBeneficial:true],amplifier:1,duration:1800,isSplashPotion:false,isAmbient:false}"
"potioncore:strong_bless",191,"PotionEffect:{Potion:[reg:potioncore:bless,name:effect.bless,isBad:false,isBeneficial:true],amplifier:1,duration:1,isSplashPotion:false,isAmbient:false}"
"potioncore:strong_blindness",90,"PotionEffect:{Potion:[reg:minecraft:blindness,name:effect.blindness,isBad:true,isBeneficial:false],amplifier:1,duration:450,isSplashPotion:false,isAmbient:false}"
"potioncore:strong_broken_armor",193,"PotionEffect:{Potion:[reg:potioncore:broken_armor,name:effect.broken_armor,isBad:true,isBeneficial:false],amplifier:1,duration:450,isSplashPotion:false,isAmbient:false}"
"potioncore:strong_broken_magic_shield",128,"PotionEffect:{Potion:[reg:potioncore:broken_magic_shield,name:effect.broken_magic_shield,isBad:true,isBeneficial:false],amplifier:1,duration:450,isSplashPotion:false,isAmbient:false}"
"potioncore:strong_burst",209,"PotionEffect:{Potion:[reg:potioncore:burst,name:effect.burst,isBad:false,isBeneficial:true],amplifier:1,duration:1,isSplashPotion:false,isAmbient:false}"
"potioncore:strong_chance",176,"PotionEffect:{Potion:[reg:potioncore:chance,name:effect.chance,isBad:false,isBeneficial:true],amplifier:1,duration:1,isSplashPotion:false,isAmbient:false}"
"potioncore:strong_curse",207,"PotionEffect:{Potion:[reg:potioncore:curse,name:effect.curse,isBad:true,isBeneficial:false],amplifier:1,duration:1,isSplashPotion:false,isAmbient:false}"
"potioncore:strong_diamond_skin",139,"PotionEffect:{Potion:[reg:potioncore:diamond_skin,name:effect.diamond_skin,isBad:false,isBeneficial:true],amplifier:1,duration:1800,isSplashPotion:false,isAmbient:false}"
"potioncore:strong_explode",166,"PotionEffect:{Potion:[reg:potioncore:explode,name:effect.explode,isBad:true,isBeneficial:false],amplifier:1,duration:1,isSplashPotion:false,isAmbient:false}"
"potioncore:strong_extension",122,"PotionEffect:{Potion:[reg:potioncore:extension,name:effect.extension,isBad:false,isBeneficial:true],amplifier:1,duration:1800,isSplashPotion:false,isAmbient:false}"
"potioncore:strong_fire",170,"PotionEffect:{Potion:[reg:potioncore:fire,name:effect.fire,isBad:true,isBeneficial:false],amplifier:1,duration:1,isSplashPotion:false,isAmbient:false}"
"potioncore:strong_haste",103,"PotionEffect:{Potion:[reg:minecraft:haste,name:effect.digSpeed,isBad:false,isBeneficial:true],amplifier:1,duration:1800,isSplashPotion:false,isAmbient:false}"
"potioncore:strong_health_boost",109,"PotionEffect:{Potion:[reg:minecraft:health_boost,name:effect.healthBoost,isBad:false,isBeneficial:true],amplifier:1,duration:1800,isSplashPotion:false,isAmbient:false}"
"potioncore:strong_hunger",87,"PotionEffect:{Potion:[reg:minecraft:hunger,name:effect.hunger,isBad:true,isBeneficial:false],amplifier:1,duration:450,isSplashPotion:false,isAmbient:false}"
"potioncore:strong_iron_skin",131,"PotionEffect:{Potion:[reg:potioncore:iron_skin,name:effect.iron_skin,isBad:false,isBeneficial:true],amplifier:1,duration:1800,isSplashPotion:false,isAmbient:false}"
"potioncore:strong_klutz",188,"PotionEffect:{Potion:[reg:potioncore:klutz,name:effect.klutz,isBad:true,isBeneficial:false],amplifier:1,duration:1800,isSplashPotion:false,isAmbient:false}"
"potioncore:strong_launch",182,"PotionEffect:{Potion:[reg:potioncore:launch,name:effect.launch,isBad:true,isBeneficial:false],amplifier:1,duration:1,isSplashPotion:false,isAmbient:false}"
"potioncore:strong_levitation",95,"PotionEffect:{Potion:[reg:minecraft:levitation,name:effect.levitation,isBad:true,isBeneficial:false],amplifier:1,duration:300,isSplashPotion:false,isAmbient:false}"
"potioncore:strong_magic_focus",145,"PotionEffect:{Potion:[reg:potioncore:magic_focus,name:effect.magic_focus,isBad:false,isBeneficial:true],amplifier:1,duration:1800,isSplashPotion:false,isAmbient:false}"
"potioncore:strong_magic_inhibition",173,"PotionEffect:{Potion:[reg:potioncore:magic_inhibition,name:effect.magic_inhibition,isBad:true,isBeneficial:false],amplifier:1,duration:1800,isSplashPotion:false,isAmbient:false}"
"potioncore:strong_magic_shield",196,"PotionEffect:{Potion:[reg:potioncore:magic_shield,name:effect.magic_shield,isBad:false,isBeneficial:true],amplifier:1,duration:1800,isSplashPotion:false,isAmbient:false}"
"potioncore:strong_mining_fatigue",106,"PotionEffect:{Potion:[reg:minecraft:mining_fatigue,name:effect.digSlowDown,isBad:true,isBeneficial:false],amplifier:1,duration:1800,isSplashPotion:false,isAmbient:false}"
"potioncore:strong_reach",136,"PotionEffect:{Potion:[reg:potioncore:reach,name:effect.reach,isBad:false,isBeneficial:true],amplifier:1,duration:1800,isSplashPotion:false,isAmbient:false}"
"potioncore:strong_recoil",125,"PotionEffect:{Potion:[reg:potioncore:recoil,name:effect.recoil,isBad:false,isBeneficial:true],amplifier:1,duration:1800,isSplashPotion:false,isAmbient:false}"
"potioncore:strong_repair",117,"PotionEffect:{Potion:[reg:potioncore:repair,name:effect.repair,isBad:false,isBeneficial:true],amplifier:1,duration:1800,isSplashPotion:false,isAmbient:false}"
"potioncore:strong_resistance",112,"PotionEffect:{Potion:[reg:minecraft:resistance,name:effect.resistance,isBad:false,isBeneficial:true],amplifier:1,duration:1800,isSplashPotion:false,isAmbient:false}"
"potioncore:strong_revival",185,"PotionEffect:{Potion:[reg:potioncore:revival,name:effect.revival,isBad:false,isBeneficial:true],amplifier:1,duration:1800,isSplashPotion:false,isAmbient:false}"
"potioncore:strong_rust",160,"PotionEffect:{Potion:[reg:potioncore:rust,name:effect.rust,isBad:true,isBeneficial:false],amplifier:1,duration:1800,isSplashPotion:false,isAmbient:false}"
"potioncore:strong_saturation",82,"PotionEffect:{Potion:[reg:minecraft:saturation,name:effect.saturation,isBad:false,isBeneficial:true],amplifier:7,duration:1,isSplashPotion:false,isAmbient:false}"
"potioncore:strong_slow_fall",199,"PotionEffect:{Potion:[reg:potioncore:slow_fall,name:effect.slow_fall,isBad:false,isBeneficial:true],amplifier:1,duration:1800,isSplashPotion:false,isAmbient:false}"
"potioncore:strong_spin",204,"PotionEffect:{Potion:[reg:potioncore:spin,name:effect.spin,isBad:true,isBeneficial:false],amplifier:1,duration:450,isSplashPotion:false,isAmbient:false}"
"potioncore:strong_step_up",149,"PotionEffect:{Potion:[reg:potioncore:step_up,name:effect.step_up,isBad:false,isBeneficial:true],amplifier:1,duration:1800,isSplashPotion:false,isAmbient:false}"
"potioncore:strong_teleport",142,"PotionEffect:{Potion:[reg:potioncore:teleport,name:effect.teleport,isBad:true,isBeneficial:false],amplifier:1,duration:1,isSplashPotion:false,isAmbient:false}"
"potioncore:strong_vulnerable",163,"PotionEffect:{Potion:[reg:potioncore:vulnerable,name:effect.vulnerable,isBad:true,isBeneficial:false],amplifier:1,duration:1800,isSplashPotion:false,isAmbient:false}"
"potioncore:strong_weight",179,"PotionEffect:{Potion:[reg:potioncore:weight,name:effect.weight,isBad:true,isBeneficial:false],amplifier:1,duration:1800,isSplashPotion:false,isAmbient:false}"
"potioncore:strong_wither",84,"PotionEffect:{Potion:[reg:minecraft:wither,name:effect.wither,isBad:true,isBeneficial:false],amplifier:1,duration:450,isSplashPotion:false,isAmbient:false}"
"potioncore:teleport",141,"PotionEffect:{Potion:[reg:potioncore:teleport,name:effect.teleport,isBad:true,isBeneficial:false],amplifier:0,duration:1,isSplashPotion:false,isAmbient:false}"
"potioncore:teleport_spawn",153,"PotionEffect:{Potion:[reg:potioncore:teleport_spawn,name:effect.teleport_spawn,isBad:false,isBeneficial:true],amplifier:0,duration:600,isSplashPotion:false,isAmbient:false}"
"potioncore:teleport_surface",143,"PotionEffect:{Potion:[reg:potioncore:teleport_surface,name:effect.teleport_surface,isBad:false,isBeneficial:true],amplifier:0,duration:1,isSplashPotion:false,isAmbient:false}"
"potioncore:unluck",114,"PotionEffect:{Potion:[reg:minecraft:unluck,name:effect.unluck,isBad:true,isBeneficial:false],amplifier:0,duration:6000,isSplashPotion:false,isAmbient:false}"
"potioncore:vulnerable",162,"PotionEffect:{Potion:[reg:potioncore:vulnerable,name:effect.vulnerable,isBad:true,isBeneficial:false],amplifier:0,duration:3600,isSplashPotion:false,isAmbient:false}"
"potioncore:weight",178,"PotionEffect:{Potion:[reg:potioncore:weight,name:effect.weight,isBad:true,isBeneficial:false],amplifier:0,duration:3600,isSplashPotion:false,isAmbient:false}"
"potioncore:wither",83,"PotionEffect:{Potion:[reg:minecraft:wither,name:effect.wither,isBad:true,isBeneficial:false],amplifier:0,duration:900,isSplashPotion:false,isAmbient:false}"
"quark:danger_sight",76,"PotionEffect:{Potion:[reg:quark:danger_sight,name:quark.potion.danger_sight.name,isBad:false,isBeneficial:true],amplifier:0,duration:3600,isSplashPotion:false,isAmbient:false}"
"quark:haste",67,"PotionEffect:{Potion:[reg:minecraft:haste,name:effect.digSpeed,isBad:false,isBeneficial:true],amplifier:0,duration:3600,isSplashPotion:false,isAmbient:false}"
"quark:long_danger_sight",77,"PotionEffect:{Potion:[reg:quark:danger_sight,name:quark.potion.danger_sight.name,isBad:false,isBeneficial:true],amplifier:0,duration:9600,isSplashPotion:false,isAmbient:false}"
"quark:long_haste",68,"PotionEffect:{Potion:[reg:minecraft:haste,name:effect.digSpeed,isBad:false,isBeneficial:true],amplifier:0,duration:9600,isSplashPotion:false,isAmbient:false}"
"quark:long_mining_fatigue",71,"PotionEffect:{Potion:[reg:minecraft:mining_fatigue,name:effect.digSlowDown,isBad:true,isBeneficial:false],amplifier:0,duration:9600,isSplashPotion:false,isAmbient:false}"
"quark:long_resilience",79,"PotionEffect:{Potion:[reg:quark:resilience,name:quark.potion.resilience.name,isBad:false,isBeneficial:false],amplifier:0,duration:9600,isSplashPotion:false,isAmbient:false}"
"quark:long_resistance",74,"PotionEffect:{Potion:[reg:minecraft:resistance,name:effect.resistance,isBad:false,isBeneficial:true],amplifier:0,duration:9600,isSplashPotion:false,isAmbient:false}"
"quark:mining_fatigue",70,"PotionEffect:{Potion:[reg:minecraft:mining_fatigue,name:effect.digSlowDown,isBad:true,isBeneficial:false],amplifier:0,duration:3600,isSplashPotion:false,isAmbient:false}"
"quark:resilience",78,"PotionEffect:{Potion:[reg:quark:resilience,name:quark.potion.resilience.name,isBad:false,isBeneficial:false],amplifier:0,duration:3600,isSplashPotion:false,isAmbient:false}"
"quark:resistance",73,"PotionEffect:{Potion:[reg:minecraft:resistance,name:effect.resistance,isBad:false,isBeneficial:true],amplifier:0,duration:3600,isSplashPotion:false,isAmbient:false}"
"quark:strong_haste",69,"PotionEffect:{Potion:[reg:minecraft:haste,name:effect.digSpeed,isBad:false,isBeneficial:true],amplifier:1,duration:1800,isSplashPotion:false,isAmbient:false}"
"quark:strong_mining_fatigue",72,"PotionEffect:{Potion:[reg:minecraft:mining_fatigue,name:effect.digSlowDown,isBad:true,isBeneficial:false],amplifier:1,duration:1800,isSplashPotion:false,isAmbient:false}"
"quark:strong_resilience",80,"PotionEffect:{Potion:[reg:quark:resilience,name:quark.potion.resilience.name,isBad:false,isBeneficial:false],amplifier:1,duration:1800,isSplashPotion:false,isAmbient:false}"
"quark:strong_resistance",75,"PotionEffect:{Potion:[reg:minecraft:resistance,name:effect.resistance,isBad:false,isBeneficial:true],amplifier:1,duration:1800,isSplashPotion:false,isAmbient:false}"
"randomthings:collapse",37,"PotionEffect:{Potion:[reg:randomthings:collapse,name:Collapse,isBad:true,isBeneficial:false],amplifier:0,duration:450,isSplashPotion:false,isAmbient:false}"
"randomthings:long_collapse",38,"PotionEffect:{Potion:[reg:randomthings:collapse,name:Collapse,isBad:true,isBeneficial:false],amplifier:0,duration:900,isSplashPotion:false,isAmbient:false}"
"randomthings:strong_collapse",39,"PotionEffect:{Potion:[reg:randomthings:collapse,name:Collapse,isBad:true,isBeneficial:false],amplifier:1,duration:300,isSplashPotion:false,isAmbient:false}"
"scalingfeast:bloated",46,"PotionEffect:{Potion:[reg:scalingfeast:bloated,name:effect.bloated,isBad:false,isBeneficial:true],amplifier:0,duration:2400,isSplashPotion:false,isAmbient:false}"
"scalingfeast:bloated_extended",47,"PotionEffect:{Potion:[reg:scalingfeast:bloated,name:effect.bloated,isBad:false,isBeneficial:true],amplifier:0,duration:4800,isSplashPotion:false,isAmbient:false}"
"scalingfeast:bloated_strong",48,"PotionEffect:{Potion:[reg:scalingfeast:bloated,name:effect.bloated,isBad:false,isBeneficial:true],amplifier:1,duration:1200,isSplashPotion:false,isAmbient:false}"
"scalingfeast:deficiency",58,"PotionEffect:{Potion:[reg:scalingfeast:deficiency,name:effect.deficiency,isBad:true,isBeneficial:false],amplifier:3,duration:1,isSplashPotion:false,isAmbient:false}"
"scalingfeast:deficiency_strong",59,"PotionEffect:{Potion:[reg:scalingfeast:deficiency,name:effect.deficiency,isBad:true,isBeneficial:false],amplifier:7,duration:1,isSplashPotion:false,isAmbient:false}"
"scalingfeast:hungerminus",52,"PotionEffect:{Potion:[reg:scalingfeast:hungerminus,name:effect.hungerminus,isBad:true,isBeneficial:false],amplifier:3,duration:2400,isSplashPotion:false,isAmbient:false}"
"scalingfeast:hungerminus_extended",53,"PotionEffect:{Potion:[reg:scalingfeast:hungerminus,name:effect.hungerminus,isBad:true,isBeneficial:false],amplifier:3,duration:4800,isSplashPotion:false,isAmbient:false}"
"scalingfeast:hungerminus_strong",54,"PotionEffect:{Potion:[reg:scalingfeast:hungerminus,name:effect.hungerminus,isBad:true,isBeneficial:false],amplifier:7,duration:1200,isSplashPotion:false,isAmbient:false}"
"scalingfeast:hungerplus",49,"PotionEffect:{Potion:[reg:scalingfeast:hungerplus,name:effect.hungerplus,isBad:false,isBeneficial:true],amplifier:3,duration:3600,isSplashPotion:false,isAmbient:false}"
"scalingfeast:hungerplus_extended",50,"PotionEffect:{Potion:[reg:scalingfeast:hungerplus,name:effect.hungerplus,isBad:false,isBeneficial:true],amplifier:3,duration:7200,isSplashPotion:false,isAmbient:false}"
"scalingfeast:hungerplus_strong",51,"PotionEffect:{Potion:[reg:scalingfeast:hungerplus,name:effect.hungerplus,isBad:false,isBeneficial:true],amplifier:7,duration:1800,isSplashPotion:false,isAmbient:false}"
"scalingfeast:ironstomach",43,"PotionEffect:{Potion:[reg:scalingfeast:ironstomach,name:effect.ironstomach,isBad:false,isBeneficial:true],amplifier:0,duration:3000,isSplashPotion:false,isAmbient:false}"
"scalingfeast:ironstomach_extended",44,"PotionEffect:{Potion:[reg:scalingfeast:ironstomach,name:effect.ironstomach,isBad:false,isBeneficial:true],amplifier:0,duration:6000,isSplashPotion:false,isAmbient:false}"
"scalingfeast:ironstomach_strong",45,"PotionEffect:{Potion:[reg:scalingfeast:ironstomach,name:effect.ironstomach,isBad:false,isBeneficial:true],amplifier:1,duration:1500,isSplashPotion:false,isAmbient:false}"
"scalingfeast:metabolism",40,"PotionEffect:{Potion:[reg:scalingfeast:metabolism,name:effect.metabolism,isBad:false,isBeneficial:true],amplifier:0,duration:2400,isSplashPotion:false,isAmbient:false}"
"scalingfeast:metabolism_extended",41,"PotionEffect:{Potion:[reg:scalingfeast:metabolism,name:effect.metabolism,isBad:false,isBeneficial:true],amplifier:0,duration:4800,isSplashPotion:false,isAmbient:false}"
"scalingfeast:metabolism_strong",42,"PotionEffect:{Potion:[reg:scalingfeast:metabolism,name:effect.metabolism,isBad:false,isBeneficial:true],amplifier:1,duration:1200,isSplashPotion:false,isAmbient:false}"
"scalingfeast:softstomach",55,"PotionEffect:{Potion:[reg:scalingfeast:softstomach,name:effect.softstomach,isBad:true,isBeneficial:false],amplifier:0,duration:2400,isSplashPotion:false,isAmbient:false}"
"scalingfeast:softstomach_extended",56,"PotionEffect:{Potion:[reg:scalingfeast:softstomach,name:effect.softstomach,isBad:true,isBeneficial:false],amplifier:0,duration:4800,isSplashPotion:false,isAmbient:false}"
"scalingfeast:softstomach_strong",57,"PotionEffect:{Potion:[reg:scalingfeast:softstomach,name:effect.softstomach,isBad:true,isBeneficial:false],amplifier:1,duration:1200,isSplashPotion:false,isAmbient:false}"
